Date,Close,High,Low,Open,Volume,gapped_percent,is_gap_fill,is_gapped,is_half_percent_continued,is_half_percent_continutation_target_price,max_gap_and_go_percentage,prev_close,up_or_down,continuation_fill_time,greatest_continuation_fill_time,gap_fill_time,greatest_gap_fill_time
2015-01-08,178.8166,178.9121,177.0289,177.0462,131525066,0.9276076137704511,False,True,True,177.92,1.991289427028998,175.419,1,00:30:00,05:10:00,,
2015-01-13,174.7768,178.3219,174.0088,177.1417,195699224,0.8726189330519486,True,True,True,178.02,1.544679011874661,175.6093,1,00:10:00,00:30:00,04:00:00,04:40:00
2015-01-14,174.3646,174.5208,172.3252,173.2625,172164500,-0.8664193416975364,False,True,True,172.39,-1.4027033336232344,174.7768,2,04:15:00,04:15:00,,
2015-01-20,175.4407,175.9267,173.7137,175.649,114315445,0.7967956019866771,True,True,False,176.52,,174.2605,1,,,00:25:00,02:15:00
2015-01-22,178.8634,178.9988,175.5883,177.0289,135999735,0.5471256168155527,True,True,True,177.91,1.6659699566525201,176.0656,1,05:00:00,05:50:00,00:10:00,00:15:00
2015-01-27,176.1437,177.1417,175.0762,176.1437,116255202,-1.0167847595799178,False,True,True,175.25,-1.6166619182245243,177.9531,2,01:10:00,01:15:00,,
2015-01-28,174.6076,177.2892,173.4881,177.1851,140353332,0.5912218262702612,True,True,False,178.07,,176.1437,1,,,01:05:00,06:15:00
2015-01-30,173.8005,175.4494,172.8112,174.0609,162925022,-0.6538003177966093,True,True,True,173.18,-1.3670733489187543,175.2064,2,06:10:00,06:25:00,04:55:00,05:00:00
2015-02-03,177.4107,177.7752,175.7792,176.1697,111144777,1.2115299874928844,False,True,True,177.04,2.1339083045072207,174.0609,1,04:20:00,06:25:00,,
2015-02-10,179.6063,179.7452,177.7492,178.6691,86969995,0.6649997070237605,False,True,True,179.56,1.2712914843077499,177.4888,1,05:55:00,06:10:00,,
2015-03-06,180.0576,182.1925,179.7278,181.7412,149613364,-0.5319812690051996,False,True,True,180.83,-1.6339268317778892,182.7132,2,02:05:00,06:10:00,,
2015-03-10,178.2265,179.4761,177.8793,179.3894,134665927,-0.9060396752796189,False,True,True,178.48,-1.7402126503069042,181.0296,2,02:25:00,06:25:00,,
2015-03-16,180.9384,181.1077,179.3633,179.3894,118307096,0.6102027241513492,False,True,True,180.28,1.5739080007223685,178.3014,1,00:30:00,06:25:00,,
2015-03-20,183.5723,183.9472,182.7181,182.8052,141126752,0.5326760399171615,False,True,True,183.71,1.160712419831874,181.8366,1,03:20:00,03:50:00,,
2015-03-26,179.0743,179.8937,177.9324,178.6646,133145629,-0.6013502424260889,True,True,False,177.77,,179.7455,2,,,04:15:00,04:25:00
2015-03-30,181.6415,181.8463,180.408,180.4255,77913940,0.730021957604465,False,True,True,181.32,1.5232425123340672,179.1179,1,00:15:00,05:45:00,,
2015-04-17,181.1926,182.3868,180.4516,182.134,158015333,-0.693922304910352,False,True,True,181.22,-1.6112279431449272,183.4067,2,00:35:00,04:45:00,,
2015-04-20,183.1016,183.2759,182.1514,182.2386,72673663,0.5772862688652806,False,True,True,183.14,1.1497710171386737,181.1926,1,01:30:00,01:30:00,,
2015-05-01,183.3195,183.7292,182.4304,182.535,86517823,0.7069652685519022,False,True,True,183.44,1.3658211478282283,181.2536,1,04:20:00,06:25:00,,
2015-05-14,184.9584,185.0804,183.8513,184.1389,82142065,0.6623396289126906,False,True,True,185.05,1.1770249711224048,182.9273,1,05:45:00,06:25:00,,
2015-06-29,180.4709,183.7978,179.8578,182.236,170240083,-0.9544969841112867,False,True,True,181.32,-2.2470517771949026,183.9922,2,03:30:00,06:25:00,,
2015-06-30,180.5498,181.6009,179.814,181.5484,145362469,0.5970491641588679,True,True,False,182.45,,180.4709,1,,,00:40:00,03:00:00
2015-07-06,180.6549,181.89,180.033,180.2432,102693135,-0.7571920025724302,True,True,False,179.34,,181.6184,2,,,01:10:00,01:15:00
2015-07-08,179.1132,181.1143,178.9118,180.8126,149073874,-0.7261638606924934,False,True,True,179.9,-1.7697842042614487,182.1352,2,01:00:00,05:20:00,,
2015-07-28,183.2039,183.5105,181.1454,182.0126,110127403,0.6247145938857555,False,True,True,182.92,1.452820779887071,180.8826,1,03:35:00,04:45:00,,
2015-08-10,184.3339,184.5353,183.3178,183.3178,69451206,0.7384017835505232,False,True,True,184.23,1.4074530386467161,181.9741,1,02:20:00,04:45:00,,
2015-08-11,182.6521,183.4842,181.9863,183.0462,104882144,-0.6985692810709268,False,True,True,182.12,-1.2735584718817319,184.3339,2,03:35:00,03:40:00,,
2015-08-12,183.0024,183.1951,179.8841,181.417,160731454,-0.6762035585684416,True,True,True,180.5,-1.515449315939976,182.6521,2,00:40:00,00:50:00,05:25:00,06:05:00
2015-08-20,179.5398,182.4475,178.6139,180.8914,166373224,-0.9781676312950157,False,True,True,179.98,-2.224894801407724,182.6783,2,03:15:00,06:25:00,,
2015-08-21,173.6386,178.6406,173.0254,176.7044,306098920,-1.5792598632726678,False,True,True,175.81,-3.628387688969255,179.5398,2,01:35:00,06:25:00,,
2015-08-24,165.3171,172.9792,159.7724,164.2309,443270458,-5.417977339140033,False,True,True,163.36,-7.985666781464485,173.6386,2,00:00:00,00:00:00,,
2015-08-25,167.2765,171.2035,163.8543,171.1859,328764118,3.550025980373472,True,True,False,172.01,,165.3171,1,,,06:15:00,06:25:00
2015-08-26,169.2851,170.6253,165.0018,168.2515,305209621,0.582867288591042,True,True,True,169.09,2.0019548472140505,167.2765,1,05:40:00,06:20:00,00:10:00,03:10:00
2015-08-27,172.675,174.6722,170.9932,172.5787,250637544,1.9455935578500398,False,True,True,173.43,3.182264712015413,169.2851,1,01:15:00,03:45:00,,
2015-08-28,173.9189,175.0445,173.367,173.8751,131443663,0.6950050673230009,False,True,True,174.74,1.3722310699290503,172.675,1,01:55:00,02:00:00,,
2015-09-01,168.1909,170.6078,167.069,169.1625,227521793,-2.2746402510919976,False,True,True,168.3,-3.484057472014717,173.0999,2,05:35:00,06:10:00,,
2015-09-03,171.2035,173.4809,170.7742,171.913,135937374,1.1180374114328289,False,True,True,172.76,2.0402653456634194,170.0122,1,00:45:00,01:35:00,,
2015-09-04,168.6369,169.8107,167.8398,168.926,161860479,-1.330288224247754,False,True,True,168.07,-1.9647378704290477,171.2035,2,03:50:00,04:55:00,,
2015-09-08,172.5787,173.0955,170.9582,171.6327,99909995,1.7764795249438305,False,True,True,172.48,2.6439053374439343,168.6369,1,05:05:00,06:25:00,,
2015-09-09,171.3348,174.7248,170.2399,174.5934,131377802,1.167409419586545,True,True,False,175.46,,172.5787,1,,,04:00:00,06:25:00
2015-09-10,171.2823,172.7539,170.1523,170.4239,135668642,-0.5316491454158747,True,True,False,169.57,,171.3348,2,,,01:05:00,04:05:00
2015-09-22,170.6671,171.2218,169.5489,170.7111,126343351,-1.373517015861841,False,True,True,169.85,-2.0449654367563452,173.0885,2,01:15:00,04:00:00,,
2015-09-24,170.2004,170.3325,167.7879,169.1879,140559116,-0.7284541282196462,False,True,True,168.34,-1.549908642522933,170.4294,2,00:15:00,01:35:00,,
2015-09-25,169.8482,171.6973,168.8885,171.3803,131131035,0.6932416140032593,True,True,False,172.23,,170.2004,1,,,04:55:00,05:40:00
2015-09-28,165.4977,168.9766,165.2168,168.8621,147440622,-0.580577244857463,False,True,True,168.01,-2.7267878022846195,169.8482,2,00:20:00,05:40:00,,
2015-09-30,168.3602,168.9017,166.8017,167.6206,137397729,1.6418353919945576,False,True,True,168.45,2.418669237719279,164.913,1,00:35:00,06:25:00,,
2015-10-02,171.0413,171.6797,166.52,167.0923,169111505,-0.9396053527092012,True,True,False,166.25,,168.6772,2,,,02:40:00,06:25:00
2015-10-05,174.779,174.9904,172.8684,172.9828,115099321,1.135105965635195,False,True,True,173.84,2.3088575683182873,171.0413,1,00:40:00,06:00:00,,
2015-11-12,181.013,182.3161,180.3438,181.823,110631023,-0.7397718395375829,False,True,True,180.91,-1.547291952476859,183.1781,2,05:20:00,06:25:00,,
2015-11-13,178.4683,180.2117,178.2438,179.93,138129206,-0.5982995696441683,False,True,True,179.02,-1.529834873738357,181.013,2,00:40:00,05:50:00,,
2015-11-24,184.5086,184.7551,182.6243,183.0293,88531657,-0.569218007019882,True,True,False,182.11,,184.0771,2,,,02:30:00,05:45:00
2015-12-04,184.5094,184.8784,181.3211,181.4532,170316786,0.5219069630621112,False,True,True,182.36,2.4194080031643486,180.5111,1,00:15:00,05:35:00,,
2015-12-08,182.1752,183.3982,181.1891,181.8142,94161043,-0.6877573081383191,True,True,False,180.9,,183.0733,2,,,01:30:00,01:30:00
2015-12-11,177.7419,179.7451,177.4293,179.0495,185550461,-1.3773608497048426,False,True,True,178.14,-2.2697866869806047,181.5501,2,02:45:00,05:50:00,,
2015-12-15,180.4583,181.4796,178.6238,180.2381,138292573,1.226366084541538,False,True,True,181.13,1.9236245082264223,178.0545,1,00:20:00,03:05:00,,
2015-12-16,183.0998,183.4872,180.3262,181.7042,176277309,0.6904088091265281,True,True,True,182.61,1.6784487053241623,180.4583,1,05:25:00,06:10:00,04:30:00,04:30:00
2015-12-18,177.8963,179.7431,177.1124,179.6013,213225813,-0.866692608936836,False,True,True,178.7,-2.240473805206669,181.1715,2,00:40:00,06:25:00,,
2015-12-22,180.4162,180.5579,178.5207,179.5526,96124358,1.0694461722225457,False,True,True,180.44,1.6353255537348879,177.6527,1,05:45:00,05:50:00,,
2015-12-29,183.9459,184.0477,182.8786,182.914,82280284,0.7218489111694543,False,True,True,183.82,1.346122395487731,181.6031,1,04:25:00,05:45:00,,
2015-12-31,181.2311,182.3648,180.5756,181.6917,88435748,-0.6730704575534289,False,True,True,180.78,-1.2832182301942459,182.9229,2,06:25:00,06:25:00,,
2016-01-04,176.6252,178.0601,175.8989,177.5818,201958034,-2.0136168681865367,False,True,True,176.68,-2.9422102497860467,181.2311,2,00:30:00,01:40:00,,
2016-01-07,171.736,174.8803,171.4702,173.0114,194232285,-1.6811416965534294,False,True,True,172.13,-2.556974297279579,175.9697,2,04:05:00,06:00:00,,
2016-01-08,170.7617,173.472,169.6899,172.8874,174288331,0.6704476638561652,True,True,False,173.75,,171.736,1,,,01:45:00,06:25:00
2016-01-12,171.1248,172.3206,169.3002,171.674,153016402,1.0216084816865414,True,True,False,172.52,,169.9379,1,,,02:05:00,04:50:00
2016-01-13,168.1222,172.5951,166.8555,172.232,199276493,0.6470131740110177,True,True,False,173.09,,171.1248,1,,,01:00:00,05:10:00
2016-01-15,166.1647,167.1921,164.3223,165.4295,286275482,-3.042083602205845,False,True,True,164.58,-3.6910114236381504,170.6199,2,03:00:00,03:10:00,,
2016-01-19,166.6873,168.3879,164.9246,168.255,164453027,1.2579687502820904,True,True,False,169.09,,166.1647,1,,,04:35:00,05:15:00
2016-01-20,165.7572,166.0717,160.3365,163.8883,264613643,-1.6791921160160412,False,True,True,163.05,-3.8100083209698594,166.6873,2,00:25:00,02:55:00,,
2016-01-22,168.2284,168.9636,167.2984,168.0956,149165402,1.4242607631093245,False,True,True,168.92,1.947988084600079,165.7351,1,04:40:00,04:45:00,,
2016-01-28,167.6926,168.4676,165.7749,168.255,128355225,1.169016083140719,True,True,False,169.09,,166.3108,1,,,00:55:00,01:00:00
2016-02-02,168.4439,170.0353,167.883,170.0265,162482988,-1.2805402015885554,False,True,True,169.17,-2.525082446932039,172.232,2,00:20:00,05:40:00,,
2016-02-03,169.0699,169.8671,165.7218,169.5393,193324209,0.6503055319901663,True,True,False,170.38,,168.4439,1,,,00:20:00,01:05:00
2016-02-08,163.4809,164.8538,161.9131,164.5438,177806858,-1.059850973865102,False,True,True,163.71,-2.641690277704292,166.3064,2,00:05:00,05:00:00,,
2016-02-09,164.4729,165.5801,162.2674,162.4091,168653467,-0.6556117564804183,True,True,False,161.59,,163.4809,2,,,00:05:00,05:35:00
2016-02-11,162.2054,163.0646,160.3985,161.5057,197533505,-1.8251966618097697,False,True,True,160.68,-2.4982326119715412,164.5083,2,02:00:00,05:05:00,,
2016-02-12,165.1195,165.3232,162.9406,163.8263,110708891,0.9992885563612592,False,True,True,164.64,1.9221308291832557,162.2054,1,01:55:00,06:25:00,,
2016-02-16,167.9007,168.0956,166.1912,167.201,97916125,1.2606021699435896,False,True,True,168.03,1.8023916012342591,165.1195,1,03:40:00,05:00:00,,
2016-02-17,170.7129,171.2311,169.185,169.3179,122709622,0.8440703344298197,False,True,True,170.16,1.9835533741074323,167.9007,1,00:45:00,04:50:00,,
2016-02-22,172.2763,172.6749,171.6474,171.7183,85595742,1.0134385910215309,False,True,True,172.57,1.5761593689244806,169.9955,1,00:30:00,04:10:00,,
2016-02-24,171.1957,171.4171,167.6881,168.8485,135492734,-0.9096324204731915,True,True,True,168.0,-1.5906243306132513,170.3985,2,00:20:00,01:00:00,04:50:00,06:05:00
2016-03-07,177.3516,178.0956,176.4835,176.5632,83515430,-0.5413906715869411,True,True,False,175.68,,177.5243,2,,,01:10:00,03:40:00
2016-03-11,179.4375,179.6368,178.1399,178.2639,114353015,0.7963563474135666,False,True,True,179.15,1.5726398104667298,176.8555,1,01:55:00,06:25:00,,
2016-04-01,184.0444,184.4183,181.6049,181.9343,90129902,-0.6804752463140228,True,True,False,181.02,,183.1808,2,,,01:10:00,06:15:00
2016-04-05,182.1302,183.6386,181.5248,182.2192,82823256,-0.679418550715473,True,True,False,181.3,,183.4657,2,,,02:05:00,02:05:00
2016-04-11,181.9521,183.4657,181.5426,182.7356,72235137,0.5634196568412146,True,True,False,183.64,,181.7118,1,,,06:10:00,06:25:00
2016-04-13,185.0415,185.273,184.1512,184.2937,85986569,0.5049962452492929,False,True,True,185.21,1.039059768977842,183.3677,1,06:00:00,06:25:00,,
2016-04-28,184.5608,186.7509,184.258,185.5935,83424018,-0.5841954403186961,True,True,True,184.66,-1.2995750575437282,186.6841,2,05:55:00,06:25:00,01:50:00,02:05:00
2016-05-02,185.0415,185.3442,183.7684,184.2224,56194438,0.5197801274405219,False,True,True,185.14,1.1318831580544078,183.2698,1,06:05:00,06:10:00,,
2016-05-03,183.5191,184.1156,182.7623,183.8663,94515926,-0.6351007746910925,False,True,True,182.94,-1.2317236944144978,185.0415,2,01:20:00,02:00:00,,
2016-06-16,185.549,185.6914,183.0383,184.0533,132906871,-0.9771371849604055,False,True,True,183.12,-1.523219247913184,185.8695,2,01:05:00,01:05:00,,
2016-06-24,181.7819,188.6943,181.4217,182.2361,285669512,-3.0287663360435935,True,True,False,181.3,,187.928,2,,,01:45:00,01:45:00
2016-06-27,178.1284,180.4194,177.7793,180.4104,210252341,-0.754475555597118,False,True,True,179.5,-2.201869383035385,181.7819,2,00:10:00,01:30:00,,
2016-06-28,181.3591,181.8513,179.9898,180.312,143019298,1.225857302934295,False,True,True,181.2,2.0900092292975234,178.1284,1,05:20:00,06:25:00,,
2016-06-29,185.1178,185.1894,183.2116,183.319,117922408,1.0806736469247895,False,True,True,184.23,2.1119976885637355,181.3591,1,01:45:00,05:45:00,,
2016-07-05,186.3439,187.1135,185.8875,186.9972,97093945,-0.5307587967765165,False,True,True,186.06,-1.1210404532035512,187.995,2,04:05:00,04:15:00,,
2016-07-08,190.1832,190.568,188.6336,188.8766,111941463,0.9084488305671351,False,True,True,189.81,1.8120893575144799,187.1762,1,01:40:00,05:20:00,,
2016-09-09,191.8388,194.2283,190.8454,194.1746,193253580,-0.7501956376509619,False,True,True,193.2,-2.451872626727448,195.6423,2,01:05:00,06:25:00,,
2016-09-12,193.7092,194.0314,190.0042,190.0758,154591242,-0.9190007443749676,True,True,False,189.12,,191.8388,2,,,02:05:00,06:10:00
2016-09-13,190.9976,192.5457,190.1742,192.2684,163273946,-0.7437953385796833,False,True,True,191.3,-1.824900417739579,193.7092,2,00:30:00,03:30:00,,
2016-11-07,191.1079,191.7555,190.0555,190.1904,92559669,1.1915884369739445,False,True,True,191.13,2.02430636102641,187.9508,1,01:35:00,06:25:00,,
2016-11-09,195.0082,195.2724,190.9909,191.0179,217871846,-0.8960029552014107,True,True,False,190.05,,192.7449,2,,,00:20:00,05:50:00
2017-01-04,204.9761,205.1542,204.1228,204.1319,67389822,0.5862755928907758,False,True,True,205.15,1.0900153294954533,202.9421,1,06:10:00,06:10:00,,
2017-03-01,217.1695,217.4318,215.6676,215.6856,112486257,0.8417599721719858,False,True,True,216.76,1.6581792475589765,213.8852,1,02:20:00,04:50:00,,
2017-03-10,214.938,215.3509,214.0571,215.3057,64992855,0.506862340986998,True,True,False,216.38,,214.2199,1,,,03:35:00,03:35:00
2017-03-27,212.2486,212.5621,210.463,210.7538,77507854,-0.6127707575268807,True,True,False,209.69,,212.0532,2,,,02:10:00,06:10:00
2017-05-17,214.9702,216.8512,214.225,216.3605,141727409,-0.8205799113089743,False,True,True,215.27,-1.7994908104768004,218.1506,2,04:15:00,06:25:00,,
2017-08-29,223.7618,223.8531,221.826,221.9447,45186525,-0.5686025825452553,True,True,False,220.83,,223.2139,2,,,01:35:00,05:50:00
2017-09-11,227.4965,227.6426,226.4738,226.492,55933022,0.6615005271026705,False,True,True,227.62,1.1728701229669132,225.0036,1,03:10:00,03:10:00,,
2017-11-09,236.8936,237.1138,235.251,236.5082,86953110,-0.524907447208535,False,True,True,235.32,-1.0536844044445537,237.7562,2,03:00:00,03:00:00,,
2017-12-04,243.0832,244.8313,242.372,244.3817,79154971,0.8005665713031797,True,True,False,245.59,,242.4408,1,,,06:15:00,06:25:00
2018-01-16,255.8505,258.3408,254.7344,257.6583,93784746,0.6068626000130338,True,True,False,258.94,,256.1041,1,,,04:25:00,05:15:00
2018-02-05,247.5309,254.43,242.8638,252.2164,250690302,-1.029702892593602,False,True,True,250.94,-4.6996847047466925,254.8405,2,03:35:00,05:40:00,,
2018-02-06,246.9775,248.7576,238.6118,239.7555,314365990,-3.141183585564465,True,True,False,238.52,,247.5309,2,,,05:35:00,06:10:00
2018-02-08,241.7846,247.3464,237.5879,247.1988,205695698,-0.7995068844754087,False,True,True,245.95,-4.656346073354953,249.1911,2,00:15:00,06:25:00,,
2018-02-09,239.1928,243.1405,233.2806,240.5487,250142002,-0.5111574517152933,True,True,True,239.34,-3.517180167802258,241.7846,2,00:10:00,04:05:00,06:15:00,06:20:00
2018-02-12,245.8799,246.2765,241.5448,243.3434,122294493,1.7352529005889796,False,True,True,244.54,2.961502185684516,239.1928,1,00:10:00,05:50:00,,
2018-02-13,245.5478,245.9168,242.8638,243.4725,71711728,-0.9790958919374848,True,True,False,242.24,,245.8799,2,,,06:05:00,06:05:00
2018-02-14,248.61,249.0343,243.7769,243.7861,101095501,-0.7174570490959359,True,True,False,242.56,,245.5478,2,,,00:35:00,06:20:00
2018-02-15,251.2756,251.8106,247.8998,250.4824,94699780,0.7531475001005586,True,True,True,251.73,1.2873979325047182,248.61,1,06:25:00,06:25:00,01:25:00,01:30:00
2018-02-20,250.2656,252.4193,249.4955,250.9067,68750454,-0.6935827761596532,False,True,True,249.64,-1.2521219303005522,252.6591,2,05:50:00,05:50:00,,
2018-02-22,249.4217,251.8475,248.7023,250.0489,84861560,-0.55024730305243,True,True,True,248.79,-1.0858186932153506,251.4324,2,06:15:00,06:20:00,01:45:00,02:30:00
2018-02-23,252.982,253.3693,250.1872,250.6853,67508333,0.506611894634679,False,True,True,251.93,1.5827011041942312,249.4217,1,05:15:00,06:25:00,,
2018-02-26,256.145,256.4223,253.8859,254.5038,70871682,0.6015447739364908,False,True,True,255.77,1.3598991232577842,252.982,1,04:00:00,06:10:00,,
2018-03-01,247.4571,251.9581,245.3449,250.3348,155394997,-0.6461271267028251,False,True,True,249.07,-2.6265385207657608,251.9628,2,00:25:00,04:40:00,,
2018-03-02,247.3095,248.776,244.2565,245.1604,109731464,-0.928120470174421,True,True,False,243.92,,247.4571,2,,,03:15:00,06:25:00
2018-03-07,251.4462,251.9674,249.2188,249.4217,73757501,-0.8978414773598722,True,True,False,248.16,,251.6814,2,,,06:00:00,06:15:00
2018-03-09,256.6621,257.1971,253.9596,254.2917,89823140,0.723386254116407,False,True,True,255.55,1.874197414774456,252.4654,1,01:15:00,06:25:00,,
2018-03-19,249.5687,254.1023,248.7538,253.1339,93539632,-0.5204391133789337,False,True,True,251.86,-2.2417827368109937,254.4582,2,01:15:00,05:10:00,,
2018-03-22,245.457,248.9853,243.8828,248.0963,124534949,-1.2386159983885765,False,True,True,246.84,-2.9159126428399076,251.2078,2,01:25:00,06:15:00,,
2018-03-26,244.9477,245.7997,240.2249,242.7437,116510938,1.0154658587993832,True,True,True,243.95,2.287190989727568,240.3035,1,04:50:00,06:25:00,01:50:00,01:50:00
2018-03-27,241.2621,247.0406,239.6971,246.485,113076330,0.627603361860518,True,True,False,247.71,,244.9477,1,,,01:00:00,06:15:00
2018-04-02,237.3542,243.6698,235.8355,243.1327,154607881,-0.556782579531604,False,True,True,241.91,-3.5413956988719573,244.494,2,00:30:00,04:35:00,,
2018-04-03,241.6093,241.9844,237.845,239.7248,110898447,0.99876050223674,False,True,True,240.91,1.9507554532424547,237.3542,1,05:30:00,05:40:00,,
2018-04-04,244.1318,244.8042,237.6227,237.7616,103581956,-1.5925297577535316,True,True,False,236.55,,241.6093,2,,,02:40:00,06:25:00
2018-04-06,239.7897,245.5033,238.9192,243.9383,144120264,-0.9736669470416165,False,True,True,242.71,-3.0111619538777887,246.3368,2,01:50:00,05:35:00,,
2018-04-09,243.429,245.2533,241.2713,242.0399,83874550,0.9384056112501822,False,True,True,243.24,2.278496532586673,239.7897,1,01:00:00,04:25:00,,
2018-04-10,245.7997,246.3646,243.5309,244.7255,93664733,0.5325988275842274,False,True,True,245.94,1.2059368440079012,243.429,1,02:05:00,05:50:00,,
2018-04-11,244.3458,245.9941,243.9105,243.9846,78399485,-0.7384467922458819,True,True,False,242.76,,245.7997,2,,,02:30:00,02:40:00
2018-04-12,247.161,247.2536,245.457,245.6423,61960149,0.5306004850502889,False,True,True,246.86,1.1900347785801961,244.3458,1,00:30:00,05:55:00,,
2018-04-17,250.6336,250.8374,248.8741,249.4112,52800381,0.6727901821393318,False,True,True,250.65,1.248464142882741,247.7444,1,05:45:00,06:05:00,,
2018-04-24,243.0123,248.1576,241.9566,247.9296,102706789,0.525679643162244,True,True,False,249.16,,246.6331,1,,,00:50:00,05:05:00
2018-05-04,246.772,247.0584,241.8362,242.1788,67469471,-0.5627605734196003,True,True,False,240.96,,243.5494,2,,,00:35:00,05:15:00
2018-05-15,250.3558,251.5226,250.0595,251.5041,71739852,-0.549283254749441,False,True,True,250.24,-1.1205125325631504,252.8932,2,04:25:00,05:55:00,,
2018-05-23,252.6987,253.171,250.9485,251.1152,51717447,-0.6120832718215736,True,True,False,249.85,,252.6617,2,,,04:55:00,06:25:00
2018-05-29,248.3278,251.1152,247.9574,250.3188,95302505,-0.6833803362307406,False,True,True,249.06,-1.6202906508935826,252.0412,2,02:15:00,05:30:00,,
2018-05-30,252.319,252.9117,250.4206,250.4947,59462005,0.8725966243006213,False,True,True,251.74,1.8459069020866774,248.3278,1,01:30:00,05:10:00,,
2018-06-25,250.9312,254.5182,250.3172,254.3543,112805189,-0.6593824621371592,False,True,True,253.07,-2.236112271942239,256.0426,2,00:25:00,05:25:00,,
2018-08-02,262.5401,262.8564,259.6751,259.889,48420767,-0.5743898781286496,True,True,False,258.58,,261.3904,2,,,02:05:00,06:15:00
2018-08-15,261.8331,262.8192,260.6053,262.6703,88744186,-0.5809499585927882,False,True,True,261.35,-1.3625394201173902,264.2052,2,00:30:00,01:25:00,,
2018-08-16,264.4533,265.1447,263.5819,263.6191,59815747,0.6821139114955296,False,True,True,264.93,1.26477515638779,261.8331,1,02:35:00,02:40:00,,
2018-09-07,267.7306,268.5492,266.6981,266.9492,58515791,-0.523450562857477,True,True,False,265.61,,268.3539,2,,,02:00:00,02:10:00
2018-10-11,256.4495,260.6076,252.6277,258.907,243262325,-1.2966802804181157,False,True,True,257.6,-3.6905427697102877,262.3083,2,01:30:00,05:15:00,,
2018-10-12,257.5849,258.9163,254.5059,258.6173,159506544,0.8453126249027585,True,True,False,259.9,,256.4495,1,,,02:15:00,03:20:00
2018-10-23,256.1225,256.8419,250.9925,253.1791,124443348,-1.7085947245148247,False,True,True,251.89,-2.557495707160611,257.5801,2,00:35:00,00:45:00,,
2018-10-26,247.5259,253.2258,245.087,248.479,176019181,-2.0480198427668768,False,True,True,247.21,-3.3851675159840786,253.6743,2,00:30:00,01:25:00,,
2018-10-29,245.1151,252.525,242.8071,251.1701,143254852,1.472249974649111,True,True,True,252.41,2.0196270370090557,247.5259,1,00:30:00,00:30:00,05:00:00,06:15:00
2018-10-30,249.5068,250.5347,245.8626,246.3765,137558534,0.5146153786527148,False,True,True,247.6,2.2110428937262427,245.1151,1,00:10:00,06:25:00,,
2018-10-31,254.4031,255.3095,252.4035,252.8987,106663596,1.359441906994115,False,True,True,254.15,2.3256680779842536,249.5068,1,00:50:00,05:30:00,,
2018-11-02,253.5995,257.1783,251.9083,256.7298,103913842,0.5710377279773297,True,True,False,258.01,,255.2721,1,,,00:55:00,03:35:00
2018-11-07,262.2428,262.6633,258.907,259.3555,84927430,1.1184196931695205,False,True,True,260.64,2.4080762019424777,256.4869,1,01:35:00,06:25:00,,
2018-11-14,253.7677,256.599,250.843,256.1785,107909634,0.8311990512727516,True,True,False,257.45,,254.0667,1,,,01:30:00,04:35:00
2018-11-15,254.0294,255.5992,249.4977,251.1514,118133619,-1.030982272369571,True,True,True,249.88,-1.6826412502457886,253.7677,2,01:05:00,01:05:00,03:50:00,05:00:00
2018-11-20,247.3483,249.4881,245.8906,247.9557,119803633,-1.4813416824271668,False,True,True,246.7,-2.3018547066956945,251.684,2,00:35:00,05:35:00,,
2018-11-28,255.3936,256.5429,250.9178,251.9176,111050850,0.7135007030262659,False,True,True,253.17,2.5626377017977116,250.1329,1,02:30:00,06:25:00,,
2018-12-06,250.3758,252.2633,245.2272,248.479,180726834,-1.8564328572145141,False,True,True,247.21,-3.1408200755907556,253.1791,2,01:25:00,01:55:00,,
2018-12-07,246.4233,253.4313,245.4047,251.7868,139180479,0.5635528673298303,True,True,True,253.04,1.2203655465104835,250.3758,1,00:10:00,00:10:00,00:50:00,05:35:00
2018-12-11,248.3481,250.3011,245.2646,250.1048,110981000,1.3709745734374321,True,True,False,251.34,,246.7223,1,,,02:40:00,04:45:00
2018-12-12,249.105,251.3569,247.965,249.9273,84402932,0.6358816516011254,True,True,True,251.17,1.2115252744031495,248.3481,1,03:40:00,05:40:00,06:25:00,06:25:00
2018-12-14,243.5079,246.7129,242.8071,245.7131,102865678,-0.7735374669969497,False,True,True,244.47,-1.947069118833614,247.6286,2,02:20:00,06:15:00,,
2018-12-18,237.9481,241.0317,236.668,240.3309,118496388,1.1006480462908352,True,True,False,241.52,,237.7145,1,,,05:10:00,05:55:00
2018-12-26,228.1532,231.2078,219.7038,221.7809,190797642,-2.2250349273612273,True,True,True,220.65,-3.140751203886294,226.8279,2,00:35:00,01:20:00,04:30:00,06:25:00
2018-12-28,232.8996,236.2831,231.6307,234.5725,136233713,1.9359674948667458,False,True,True,235.72,2.67932686562299,230.1175,1,05:15:00,05:20:00,,
2018-12-31,233.9992,235.1176,232.5894,234.5537,106064353,0.7102201978878451,True,True,False,235.72,,232.8996,1,,,01:50:00,02:00:00
2019-01-02,234.0462,236.1045,231.1608,231.189,103082858,-1.2009442767325738,True,True,False,230.02,,233.9992,2,,,01:20:00,04:25:00
2019-01-04,236.6778,237.8903,232.3074,232.7022,124917125,1.2638056031819263,False,True,True,233.85,3.5214840860233747,229.798,1,00:20:00,03:35:00,,
2019-01-08,241.2268,241.8377,238.7267,241.3772,90260239,0.8125911533815856,True,True,False,242.57,,239.4316,1,,,01:10:00,01:20:00
2019-01-10,242.928,243.5765,240.1365,240.8508,87458836,-0.732152042310176,True,True,False,239.64,,242.6272,2,,,02:05:00,06:15:00
2019-01-17,246.9788,248.0502,244.3284,244.3754,80081656,-0.6400498313475568,True,True,False,243.15,,245.9496,2,,,02:15:00,05:15:00
2019-01-18,250.071,250.9262,248.2194,249.0465,103541522,0.8371973626886202,False,True,True,250.28,1.5982748316859534,246.9788,1,01:55:00,03:10:00,,
2019-01-23,247.2514,248.8679,244.9863,248.1348,75645181,0.8248928200070963,True,True,False,249.37,,246.1047,1,,,02:15:00,02:45:00
2019-01-28,247.7025,247.9657,246.0483,247.5521,76779557,-0.7722900703386464,False,True,True,246.3,-1.3750667391377525,249.4788,2,02:15:00,02:30:00,,
2019-01-30,251.2928,252.3736,248.3604,249.1593,82063178,0.5843078188815263,False,True,True,250.4,1.8819039375984747,247.7119,1,04:30:00,05:25:00,,
2019-02-07,253.2684,255.2214,252.1575,254.6481,86004887,-0.6526969492562266,False,True,True,253.37,-1.6243688092786752,256.3211,2,01:40:00,02:30:00,,
2019-02-12,257.8766,258.0129,255.9639,256.0391,62039889,0.6539542314593174,False,True,True,257.31,1.4298934331751987,254.3756,1,01:30:00,04:30:00,,
2019-02-14,258.3512,259.0655,256.4621,257.3174,74452823,-0.6729694342022998,True,True,False,256.02,,259.0608,2,,,05:35:00,05:35:00
2019-03-01,263.3889,263.9904,262.0543,263.5769,63366401,0.5395510569021463,True,True,False,264.89,,262.1624,1,,,02:20:00,02:25:00
2019-03-08,257.0072,258.135,256.0391,256.5279,74347662,-0.571930225752746,True,True,False,255.24,,258.0035,2,,,06:25:00,06:25:00
2019-03-11,261.575,261.8663,258.6802,258.7084,53942508,0.6619269810339833,False,True,True,259.99,1.8906474215508406,257.0072,1,00:45:00,06:05:00,,
2019-03-19,266.2388,268.4384,265.6536,267.636,74798845,0.5390285765160352,True,True,False,268.97,,266.2011,1,,,05:55:00,06:10:00
2019-03-21,268.7121,269.2125,264.8795,264.9267,70187024,-0.6182877682782705,True,True,False,263.59,,266.5749,2,,,00:25:00,05:35:00
2019-03-22,264.5491,267.9129,263.5484,267.3622,107983250,-0.5023592164253294,False,True,True,266.02,-1.921647741207041,268.7121,2,00:25:00,06:25:00,,
2019-04-01,269.7222,270.1376,268.4761,268.7593,61780380,0.9180502443728235,False,True,True,270.09,1.4355964228746334,266.3144,1,06:25:00,06:25:00,,
2019-05-02,274.7775,276.3114,273.3095,275.3485,59181767,-0.5048678263113024,False,True,True,273.96,-1.2416453083101147,276.7457,2,02:10:00,02:25:00,,
2019-05-03,277.4489,277.8596,276.1793,276.4247,45381002,0.5994668413534581,False,True,True,277.8,1.1216711703105333,274.7775,1,04:20:00,04:20:00,,
2019-05-07,270.4585,274.5272,269.8072,273.9042,118398019,-0.9557855181426327,False,True,True,272.52,-2.437267535330276,276.5474,2,00:45:00,06:05:00,,
2019-05-09,270.7418,271.2421,267.4377,269.2597,90529934,-1.3621605542715605,False,True,True,267.89,-2.0296133645885797,272.9781,2,00:50:00,01:55:00,,
2019-05-13,264.9739,267.6171,264.2564,266.607,106277776,-2.117956147352297,False,True,True,265.25,-2.9809549893933456,272.3758,2,01:45:00,03:50:00,,
2019-05-15,269.7317,269.7694,265.6064,265.8235,61793428,-0.8817315601506595,True,True,False,264.48,,268.1882,2,,,01:00:00,06:00:00
2019-05-17,270.1848,272.441,269.1653,269.1747,81350238,-0.8691338528740576,True,True,False,267.82,,271.5347,2,,,01:20:00,01:35:00
2019-05-23,266.2751,267.3528,264.8606,267.3056,82591351,-0.979148638556637,False,True,True,265.96,-1.8848759468462275,269.9488,2,00:20:00,05:30:00,,
2019-05-29,262.1796,263.7183,261.2167,263.2935,91207803,-0.8143743974974422,False,True,True,261.97,-1.5967283380667174,265.4553,2,02:05:00,02:20:00,,
2019-06-04,264.1762,264.9644,261.1317,261.6038,66732992,1.405154221974829,False,True,True,262.89,2.707819402214459,257.9788,1,01:30:00,06:25:00,,
2019-06-11,272.5023,275.0842,272.045,274.6972,48119902,0.6259606635300241,True,True,False,276.06,,272.9884,1,,,02:05:00,03:30:00
2019-06-18,275.981,277.1327,274.6972,275.0748,75313731,0.612913502641379,False,True,True,276.44,1.3656226373825022,273.3991,1,00:10:00,01:30:00,,
2019-06-20,279.1057,279.7186,276.7131,279.4644,85024200,0.9101121201803062,True,True,False,280.85,,276.9439,1,,,00:45:00,00:45:00
2019-08-02,277.8729,279.0023,275.9478,278.7462,95629766,-0.5044981503400291,False,True,True,277.35,-1.5033573720122526,280.1596,2,00:35:00,01:30:00,,
2019-08-05,268.5867,273.3961,267.2397,273.2823,149170305,-1.652050271904887,False,True,True,271.89,-3.826641604848831,277.8729,2,00:30:00,05:35:00,,
2019-08-06,272.1914,273.2348,269.6681,271.2143,98191969,0.9783060739790811,False,True,True,272.56,1.730577128353712,268.5867,1,04:45:00,06:20:00,,
2019-08-07,273.6617,273.9747,267.5432,269.7819,110389529,-0.8852226778656417,True,True,True,268.42,-1.707695393756002,272.1914,2,00:15:00,00:15:00,04:05:00,06:05:00
2019-08-12,273.1465,276.6168,272.2673,275.0561,55471166,-0.8717899371871504,False,True,True,273.67,-1.8768530942055774,277.4751,2,04:10:00,05:25:00,,
2019-08-14,269.4191,277.4318,269.1748,273.2633,114406673,-1.5094895898885223,False,True,True,271.88,-2.983081000852753,277.4514,2,01:25:00,05:50:00,,
2019-08-16,273.6759,274.4585,270.0796,271.755,66766930,0.6605880025898916,False,True,True,273.1,1.6619896315019769,269.9716,1,00:50:00,06:25:00,,
2019-08-23,270.389,277.7122,268.8997,275.9668,117810288,-0.5945592747428646,True,True,True,274.58,-3.140185017221536,277.6174,2,01:30:00,06:25:00,01:10:00,01:10:00
2019-08-27,272.1344,275.0466,271.3281,274.6577,59444288,0.8147541826030102,True,True,False,276.02,,272.438,1,,,02:30:00,03:30:00
2019-08-29,277.4103,278.0917,275.6727,276.7257,49472271,1.1266516519534513,False,True,True,278.09,1.6258427504187074,273.6427,1,04:40:00,04:40:00,,
2019-08-30,277.4561,279.116,276.4411,279.0972,51741934,0.6080884523754093,True,True,False,280.48,,277.4103,1,,,01:30:00,01:55:00
2019-09-05,282.958,283.4702,281.3928,281.5351,72819388,1.0228771244902337,False,True,True,282.93,1.71724656376654,278.6845,1,00:40:00,00:45:00,,
2019-09-11,284.3334,284.9026,282.4457,283.1287,55661424,0.5355790986732363,False,True,True,284.54,1.16546954695043,281.6204,1,06:10:00,06:25:00,,
2019-09-30,283.0163,283.5595,282.0061,282.0538,42173018,0.5184622896018997,False,True,True,283.46,1.0550643444916143,280.599,1,02:55:00,04:15:00,,
2019-10-02,274.6968,277.8035,273.1625,277.7939,109650050,-0.786227483104173,False,True,True,276.39,-2.440326676912064,279.9953,2,00:05:00,03:25:00,,
2019-10-04,280.062,280.7768,277.3937,277.4509,50700124,0.6012486914990735,False,True,True,278.83,1.8071906906890411,275.7927,1,00:30:00,06:25:00,,
2019-10-08,276.9077,278.1275,274.9255,277.3556,82885280,-0.9528829503481826,False,True,True,275.96,-1.8207017329592317,280.0239,2,00:30:00,06:25:00,,
2019-10-11,284.1694,284.6935,282.2203,282.3397,83204669,1.016065127774689,False,True,True,283.74,1.8582124209033346,279.4998,1,00:15:00,02:00:00,,
2020-01-06,309.3166,310.0253,306.798,306.9225,43105385,-0.6925451097495039,True,True,False,305.38,,309.0629,2,,,03:35:00,06:25:00
2020-01-30,312.6876,314.0284,309.8434,310.6286,67790010,-0.8861671078942575,True,True,False,309.06,,313.4059,2,,,06:15:00,06:25:00
2020-02-03,311.0596,312.3524,309.5369,309.6614,59060165,0.6317811835733615,False,True,True,311.2,1.5062851519885185,307.7173,1,00:15:00,00:55:00,,
2020-02-04,315.7569,316.0395,313.8464,314.1816,52512833,1.0036661784429781,False,True,True,315.74,1.6009472139744239,311.0596,1,02:00:00,05:15:00,,
2020-02-24,310.0062,319.4414,307.6407,309.4603,134914814,-3.0017217444126323,True,True,True,307.87,-3.5720632942459076,319.0369,2,03:45:00,03:45:00,02:50:00,02:50:00
2020-02-27,289.3014,298.3741,284.9249,292.5287,249706794,-2.124411256629376,False,True,True,291.03,-4.668525395470607,298.8781,2,00:15:00,06:25:00,,
2020-02-28,277.3689,285.2811,273.452,276.4783,332038241,-4.432436206668896,False,True,True,275.03,-5.478507881399814,289.3014,2,00:25:00,00:30:00,,
2020-03-02,290.556,296.0721,281.9944,285.5857,205636837,2.9624085468846646,False,True,True,286.97,6.743077540416385,277.3689,1,01:20:00,06:25:00,,
2020-03-03,290.4027,300.554,284.9728,296.3977,271529926,2.010524649293081,True,True,True,297.85,3.4409890003992314,290.556,1,00:30:00,00:30:00,01:55:00,04:35:00
2020-03-04,298.1981,299.8453,290.4889,293.1608,147338447,0.9497501228466585,False,True,True,294.61,3.2515537906500276,290.4027,1,03:25:00,06:25:00,,
2020-03-05,288.1383,295.4113,287.3095,292.0691,159971245,-2.055345087711833,False,True,True,290.58,-3.651465250784628,298.1981,2,03:10:00,05:55:00,,
2020-03-06,280.9889,286.1315,277.9435,280.7399,198657535,-2.567655879138607,False,True,True,279.3,-3.5381620562070517,288.1383,2,00:20:00,05:35:00,,
2020-03-09,265.3693,272.1592,261.8738,263.6455,277300725,-6.172272285488848,False,True,True,262.24,-6.8027954129148815,280.9889,2,00:20:00,05:10:00,,
2020-03-10,271.9102,276.3059,261.9217,272.5901,246644123,2.7210381909286405,True,True,True,273.92,4.121275520566998,265.3693,1,05:45:00,06:25:00,01:50:00,02:05:00
2020-03-11,261.146,270.0044,259.4126,268.8169,231055382,-1.1376182283709841,False,True,True,267.46,-4.596223311961073,271.9102,2,00:10:00,05:50:00,,
2020-03-12,240.537,255.3713,237.1948,245.1626,346670590,-6.120484326775067,False,True,True,243.86,-9.171574521532026,261.146,2,00:20:00,06:25:00,,
2020-03-13,247.844,259.6042,239.0144,251.9524,285392181,4.745797943767489,True,True,True,253.16,7.926930160432692,240.537,1,06:20:00,06:25:00,02:00:00,02:15:00
2020-03-16,234.5612,246.0245,227.3117,230.97,261784489,-6.808314907764561,False,True,True,229.73,-8.284364358225332,247.844,2,00:15:00,00:15:00,,
2020-03-18,222.916,237.8556,218.3671,226.2487,298252778,-5.009841246916204,False,True,True,225.06,-8.318918537651165,238.1812,2,03:40:00,04:55:00,,
2020-03-19,233.7951,236.9075,222.3893,229.1217,261233795,2.783873746164478,True,True,True,230.24,6.276579518742486,222.916,1,00:35:00,05:10:00,00:10:00,00:10:00
2020-03-23,211.7039,221.2534,210.2493,219.8149,280560712,-2.6576038388742766,False,True,True,218.69,-6.8936152499244985,225.8162,2,00:00:00,02:15:00,,
2020-03-24,232.7423,235.141,225.219,225.8162,211595249,6.666055750508141,False,True,True,226.87,11.070698272445613,211.7039,1,00:00:00,06:25:00,,
2020-03-25,245.2652,246.9414,230.9506,235.8827,277138668,1.3493035000513443,True,True,True,237.05,6.100781851859326,232.7423,1,00:00:00,04:15:00,00:30:00,00:40:00
2020-03-26,249.5134,253.1546,239.9093,240.362,221727030,-1.9991421530653344,True,True,False,239.14,,245.2652,2,,,00:35:00,06:25:00
2020-03-27,250.1525,251.2377,241.8359,243.9744,191462093,-2.2199208539501236,True,True,True,242.73,-3.076989051489812,249.5134,2,00:10:00,00:15:00,05:40:00,05:55:00
2020-03-30,250.9198,252.7982,244.2249,246.3152,139095982,-1.5339842695955463,True,True,True,245.06,-2.369594547326136,250.1525,2,00:10:00,00:10:00,01:50:00,06:20:00
2020-04-01,236.1235,248.2024,234.9483,238.8786,170515975,-3.5659959953494313,True,True,True,237.64,-5.152636933212763,247.712,2,03:05:00,06:10:00,05:20:00,05:20:00
2020-04-06,253.1354,257.2005,247.3026,248.3767,158180083,4.093688078562064,False,True,True,249.57,7.79170759837859,238.6088,1,00:20:00,06:25:00,,
2020-04-08,264.3192,265.8702,255.8133,258.1252,136878928,0.680040736136777,True,True,True,259.41,3.7009271722591692,256.3817,1,01:40:00,06:20:00,00:35:00,00:35:00
2020-04-09,268.2591,270.8793,265.3596,267.3922,162670069,1.1626094509971197,False,True,True,268.71,2.481885538394478,264.3192,1,00:10:00,04:00:00,,
2020-04-14,273.1719,274.4435,269.6366,270.6674,121013344,2.1894277269118314,False,True,True,271.99,3.6150796452425586,264.8683,1,00:15:00,06:20:00,,
2020-04-15,267.7823,273.5194,265.35,267.3825,108679822,-2.1193248646731235,True,True,True,266.02,-2.863361861157744,273.1719,2,00:45:00,01:05:00,00:45:00,00:45:00
2020-04-17,274.3857,276.7554,272.0353,274.9059,127775010,2.2929653792814433,False,True,True,276.25,2.981167558532542,268.7437,1,06:20:00,06:20:00,,
2020-04-20,271.91,276.2653,271.0238,272.2375,88642290,-0.7829125205868872,True,True,False,270.87,,274.3857,2,,,01:15:00,01:50:00
2020-04-21,264.3096,267.8353,262.0362,266.5734,114645831,-1.962634695303605,False,True,True,265.21,-3.6312750542458962,271.91,2,01:15:00,03:15:00,,
2020-04-22,269.8967,270.6866,266.7468,268.1339,81404148,1.4469016638063823,False,True,True,269.46,2.412700862927419,264.3096,1,05:00:00,06:20:00,,
2020-04-27,277.0637,277.6898,274.1738,274.6554,67454166,0.8203121128460411,False,True,True,276.02,1.9341775423086351,272.4207,1,01:55:00,06:20:00,,
2020-04-28,276.9962,280.7049,274.9251,280.3389,95561389,1.1821108286650475,True,True,False,281.72,,277.0637,1,,,01:10:00,06:20:00
2020-04-29,283.9549,284.0572,279.7513,280.8302,102013837,1.384134511592579,False,True,True,282.22,2.5491324429721547,276.9962,1,02:20:00,06:10:00,,
2020-04-30,279.9536,282.5582,277.9981,281.0036,101677550,-1.0393551933775411,False,True,True,279.58,-2.097797924952162,283.9549,2,00:05:00,03:00:00,,
2020-05-01,272.4108,279.9894,271.1876,274.8385,111321036,-1.8271242091546542,True,True,True,273.44,-3.1312331757834224,279.9536,2,02:00:00,04:15:00,04:40:00,04:40:00
2020-05-04,272.8637,273.4802,268.8853,270.4362,70199660,-0.7248611288539256,True,True,True,269.07,-1.2941851057300306,272.4108,2,00:05:00,00:10:00,05:40:00,06:10:00
2020-05-05,276.5579,278.6338,275.2623,276.1196,72232658,1.1932331050264278,False,True,True,277.48,2.1146455171574723,272.8637,1,00:25:00,05:25:00,,
2020-05-07,277.0926,279.1444,276.5917,277.1889,68883538,0.7669061248883505,False,True,True,278.56,1.4777920403316533,275.0793,1,02:10:00,02:30:00,,
2020-05-08,281.1577,282.198,279.2215,280.4063,61414425,1.1958818099075843,False,True,True,281.79,1.8424887564662407,277.0926,1,06:10:00,06:20:00,,
2020-05-11,282.7182,283.2095,279.2407,279.6838,62352506,-0.5242253724511041,True,True,False,278.28,,281.1577,2,,,02:00:00,04:05:00
2020-05-13,269.521,276.6495,268.7263,275.5609,125466121,-1.2564711092987195,False,True,True,274.17,-3.7055577633065604,279.0673,2,00:00:00,05:55:00,,
2020-05-15,275.0215,275.821,271.0142,272.0064,91154055,-0.5318859112948126,True,True,False,270.64,,273.4609,2,,,00:20:00,06:25:00
2020-05-18,285.271,285.8586,281.9572,282.2944,100556561,2.644484158511241,False,True,True,283.67,3.940455564383156,275.0215,1,01:20:00,06:20:00,,
2020-05-19,283.5757,285.3336,281.2347,283.5467,78858186,-0.6044427929933389,True,True,True,282.12,-1.4149002176877563,285.271,2,06:20:00,06:25:00,05:15:00,05:15:00
2020-05-28,293.3819,295.5782,291.1471,293.4686,80456712,0.9008470045401573,False,True,True,294.92,1.6261730763610538,290.8485,1,03:10:00,04:25:00,,
2020-05-29,292.8712,293.7672,288.4787,291.359,101356845,-0.6895108389440497,True,True,True,289.89,-1.671268745617903,293.3819,2,01:15:00,03:20:00,05:30:00,06:25:00
2020-06-03,301.0026,301.7241,298.5645,298.8535,79223813,1.2615444771343438,False,True,True,300.33,2.234199606072316,295.1303,1,01:40:00,06:20:00,,
2020-06-05,308.1926,309.4835,305.5195,305.5869,122191709,2.2596811208355683,False,True,True,307.08,3.5636148740672864,298.8342,1,01:20:00,02:00:00,,
2020-06-11,289.943,300.6934,288.9989,300.0287,182628939,-3.0685872758029245,False,True,True,298.48,-6.632026693649788,309.5268,2,01:15:00,06:00:00,,
2020-06-12,290.3665,297.736,287.6407,296.9269,168502612,2.408714816360459,True,True,False,298.38,,289.943,1,,,01:45:00,04:30:00
2020-06-15,294.5378,296.9654,285.8489,287.082,123098924,-1.1311566589120923,True,True,False,285.63,,290.3665,2,,,01:20:00,05:00:00
2020-06-17,300.1491,302.8511,299.4507,302.5429,74047487,0.6118661935531073,True,True,False,304.05,,300.703,1,,,00:25:00,06:20:00
2020-06-18,299.3929,300.8379,298.1503,298.6271,64298819,-0.5070813139203121,True,True,False,297.13,,300.1491,2,,,00:30:00,01:25:00
2020-06-19,299.9654,304.1742,296.579,303.971,111140318,1.5291277782472485,True,True,False,305.47,,299.3929,1,,,02:45:00,04:35:00
2020-06-22,299.7235,300.9523,296.7919,297.9916,64108242,-0.6580092237304646,True,True,False,296.49,,299.9654,2,,,02:40:00,05:40:00
2020-06-24,294.9052,300.4298,292.2928,299.7816,114533687,-0.9114524370568938,False,True,True,298.27,-3.3867688507039317,302.5391,2,00:20:00,02:15:00,,
2020-07-01,301.407,301.765,299.0366,299.5203,61458161,0.5848300819265947,False,True,True,301.01,1.3386446583840075,297.7788,1,01:00:00,06:15:00,,
2020-07-02,302.9938,305.4513,301.3974,304.0387,58949794,0.8731383146376904,True,True,False,305.55,,301.407,1,,,06:25:00,06:25:00
2020-07-13,306.6124,312.2338,303.9323,309.7375,87971506,0.9173669262441089,True,True,True,311.27,1.7307008721111072,306.9219,1,01:30:00,04:05:00,05:55:00,06:20:00
2020-07-14,306.9994,309.3795,301.8715,303.1293,79808239,-1.1359944998962792,True,True,False,301.6,,306.6124,2,,,04:20:00,06:20:00
2020-07-21,314.4398,316.3168,313.4238,315.8524,49232837,0.5730887118909396,True,True,False,317.42,,314.0526,1,,,06:05:00,06:20:00
2020-07-30,313.598,313.8786,309.2634,311.4501,52799598,-0.9904134463526836,False,True,True,309.88,-1.6855625662818907,314.5656,2,00:25:00,00:30:00,,
2020-07-31,314.1011,316.0072,310.8986,315.3202,64713011,0.5491744207552302,True,True,False,316.89,,313.598,1,,,00:20:00,03:25:00
2020-08-10,324.4925,324.8698,322.1462,324.1828,38235879,0.5069327730441003,True,True,False,325.8,,322.5477,1,,,01:25:00,01:30:00
2020-08-20,326.9887,327.8014,324.3377,324.4731,36872038,-0.78106605134616,True,True,False,322.84,,327.0274,2,,,04:50:00,06:15:00
2020-09-02,345.9702,347.1038,341.9565,343.1562,62233370,0.8817401616724533,False,True,True,344.86,2.04226343784294,340.1569,1,03:50:00,06:20:00,,
2020-09-04,333.5002,336.5383,323.999,334.8935,118325716,0.767126832438685,True,True,False,336.56,,332.344,1,,,00:25:00,01:10:00
2020-09-08,324.4731,331.5168,322.0736,325.7793,98242534,-2.3151110554056724,False,True,True,324.11,-3.4262648118351975,333.5002,2,00:10:00,05:35:00,,
2020-09-09,331.1298,331.3426,325.6825,326.592,78403885,0.6530279397583333,False,True,True,328.21,2.1171246553258243,324.4731,1,00:45:00,06:00:00,,
2020-09-11,324.0571,326.0308,320.2547,324.9182,73088771,0.5599660052694331,True,True,False,326.53,,323.1089,1,,,00:25:00,04:00:00
2020-09-14,327.5305,329.3301,325.9921,326.534,54371738,0.7643406054056525,False,True,True,328.15,1.6271823700205996,324.0571,1,00:30:00,00:55:00,,
2020-09-16,328.4323,331.9231,327.5305,330.4235,71631702,0.5299046068264139,True,True,False,332.07,,328.6818,1,,,05:40:00,06:25:00
2020-09-18,322.0194,325.8983,318.5933,325.7817,89144275,0.8392912747755754,True,True,False,327.4,,323.0702,1,,,01:25:00,04:00:00
2020-09-21,315.7762,317.7384,312.5317,316.3882,86057915,-1.7487145184420674,False,True,True,314.78,-2.9463131724362004,322.0194,2,00:05:00,01:10:00,,
2020-09-22,320.5749,321.4395,316.5436,319.1761,55659544,1.076680256460114,False,True,True,320.75,1.7934537181712846,315.7762,1,05:55:00,06:15:00,,
2020-09-24,312.9688,317.4538,310.6568,312.0362,68917480,-0.6771631086478402,True,True,False,310.47,,314.1636,2,,,00:30:00,04:15:00
2020-09-28,324.8297,325.3834,322.6537,323.6932,55825077,1.2796484643154509,False,True,True,325.29,1.8084913990276612,319.6034,1,05:10:00,05:15:00,,
2020-10-02,325.4804,327.3773,321.7212,322.2166,76676110,-1.3531555720196562,True,True,False,320.58,,326.6365,2,,,03:40:00,03:40:00
2020-10-07,331.5907,331.8627,328.4239,328.4531,42510039,0.5920311160112779,False,True,True,330.09,1.636255053289243,326.52,1,01:35:00,05:40:00,,
2020-10-09,336.7683,337.4192,335.0295,335.6803,49911819,0.5639340451213029,False,True,True,337.35,1.0848780055236902,333.7979,1,02:35:00,02:35:00,,
2020-10-12,343.1699,343.8985,339.0803,339.5951,62285365,0.839390168255145,False,True,True,341.28,2.1172420325784826,336.7683,1,01:35:00,05:00:00,,
2020-10-26,328.6376,333.1741,326.0245,332.3484,82184937,-0.8649415164470717,False,True,True,330.67,-2.7512758461569304,335.2481,2,01:15:00,04:05:00,,
2020-10-28,320.0892,328.5777,316.8059,322.6052,110442574,-2.010811441283516,False,True,True,320.96,-3.772310329734682,329.2253,2,00:30:00,06:25:00,,
2020-10-29,322.508,323.8631,315.7956,317.5636,77038134,-0.7890300578713675,True,True,True,315.96,-1.3413760914145263,320.0892,2,00:10:00,00:10:00,01:05:00,05:05:00
2020-10-30,314.5522,320.2641,313.3768,318.8944,96385666,-1.1204683294677846,False,True,True,317.28,-2.831309610924374,322.508,2,00:45:00,05:15:00,,
2020-11-02,320.8761,322.8577,317.8841,320.7595,72521306,1.9733767559088682,False,True,True,322.33,2.6404202545714175,314.5522,1,00:45:00,00:45:00,,
2020-11-03,327.1028,328.5793,323.6446,324.1497,78737408,1.020206864892707,False,True,True,325.75,2.4006773954183505,320.8761,1,00:20:00,01:30:00,,
2020-11-04,334.1649,337.9923,329.881,331.1147,111145385,1.2264951568742382,False,True,True,332.75,3.329075752332294,327.1028,1,00:30:00,02:50:00,,
2020-11-05,340.926,342.1208,338.886,339.2551,72493942,1.5232599234689337,False,True,True,340.93,2.380830542046752,334.1649,1,00:40:00,00:50:00,,
2020-11-10,344.559,345.0253,340.4888,343.3836,71402755,-1.4548303501476452,False,True,True,341.64,-2.2855880133045057,348.453,2,01:05:00,01:10:00,,
2020-11-13,347.6141,348.639,344.5687,345.1127,49821692,1.006456741354846,False,True,True,346.82,2.0385226966414485,341.6739,1,03:55:00,06:10:00,,
2020-11-24,352.8646,353.4086,349.0178,349.9115,55216953,0.7270590795593752,False,True,True,351.65,1.733749623617304,347.3858,1,01:45:00,04:10:00,,
2020-12-01,355.6234,357.1679,354.4966,355.1183,62855741,1.139879697877622,False,True,True,356.87,1.7236184053133408,351.116,1,00:50:00,04:45:00,,
2020-12-14,355.7157,359.2273,354.0497,358.1005,54545071,0.693804935479852,True,True,False,359.88,,355.6331,1,,,05:00:00,06:25:00
2020-12-21,358.5422,369.2069,353.1786,356.0467,73830608,-0.6411156204329969,True,True,True,354.25,-1.441491571927655,358.3441,2,00:35:00,00:50:00,03:20:00,03:55:00
2021-01-04,358.3685,366.2704,355.9003,366.1339,92944601,0.5306682130646498,True,True,False,367.95,,364.2012,1,,,00:20:00,02:45:00
2021-01-11,369.2264,371.275,368.4839,368.6118,44575440,-0.6807703002437834,True,True,False,366.76,,371.1384,2,,,03:00:00,03:20:00
2021-01-15,367.0899,368.3484,364.5632,367.5094,76841810,-0.6579384846438587,False,True,True,365.66,-1.454330581380828,369.9434,2,00:35:00,00:50:00,,
2021-01-20,374.9759,375.3821,371.3823,371.7921,36018167,0.5938899412360089,False,True,True,373.64,1.5652179089067442,369.5971,1,01:10:00,06:15:00,,
2021-01-27,364.095,371.0214,362.9146,370.9238,83027794,-1.1825365659764606,False,True,True,369.05,-3.316260064268518,375.3626,2,00:00:00,06:05:00,,
2021-01-28,370.4458,372.592,366.6997,367.1484,56703612,0.8386272813413954,False,True,True,368.97,2.333731581043397,364.095,1,00:10:00,04:10:00,,
2021-01-29,363.3409,367.4606,359.266,366.4265,91239666,-1.0849900309303124,False,True,True,364.57,-3.0179313680975732,370.4458,2,00:05:00,03:45:00,,
2021-02-02,373.4017,373.8505,370.319,370.3287,42856974,0.8206595822705577,False,True,True,372.17,1.7794569936427762,367.3143,1,00:30:00,02:45:00,,
2021-02-17,382.5328,383.0597,379.8111,380.8744,36575942,-0.5451453290025412,True,True,False,378.96,,382.9621,2,,,06:20:00,06:20:00
2021-02-23,379.2648,379.4355,370.9043,375.2455,82156879,-0.8378607569815288,True,True,True,373.35,-1.9850635319163203,378.4161,2,00:10:00,00:20:00,05:40:00,06:00:00
2021-02-24,382.25,382.6402,375.8504,376.8844,53038178,-0.6276353618896222,True,True,False,374.99,,379.2648,2,,,01:35:00,06:20:00
2021-02-26,373.07,376.1528,368.9825,374.9626,111464071,0.5073042592542997,True,True,False,376.83,,373.07,1,,,00:25:00,00:55:00
2021-03-01,380.9026,381.3622,376.1138,376.1625,75629438,0.8289329080333528,False,True,True,378.03,2.2226927922373765,373.07,1,00:30:00,05:20:00,,
2021-03-03,373.5773,377.3722,371.9872,376.3576,92698594,-0.5003566422436831,False,True,True,374.47,-1.6557823366649993,378.2502,2,00:40:00,06:25:00,,
2021-03-05,374.0719,375.3528,363.5292,371.1189,104105320,1.2132149199935485,True,True,True,372.95,2.3679031631678016,366.6704,1,05:00:00,06:20:00,00:25:00,01:55:00
2021-03-09,379.4111,380.3769,375.8894,376.4162,76321707,0.5944276185561548,False,True,True,378.29,1.6528952123228757,374.1919,1,00:30:00,04:30:00,,
2021-03-11,384.3913,385.9766,382.1622,382.6304,58501429,0.5795349788408097,False,True,True,384.53,1.4591285499376128,380.4257,1,01:30:00,03:35:00,,
2021-03-18,383.1865,387.0204,381.1964,384.8254,73821306,-0.6623022573311551,False,True,True,382.89,-1.5990816515918955,387.3911,2,05:10:00,06:20:00,,
2021-03-25,381.1529,382.2491,375.7405,377.786,83891901,-0.8719030177463722,True,True,True,375.88,-1.4086262482980607,381.1089,2,01:20:00,01:25:00,05:40:00,06:20:00
2021-04-05,397.2827,398.2908,394.8064,394.8847,58532301,0.9609172280156038,False,True,True,396.84,1.8317612494991964,391.1263,1,00:50:00,03:05:00,,
2021-04-29,410.6621,411.7779,407.5889,411.3962,57951690,0.5935170131518563,True,True,False,413.44,,408.9689,1,,,01:05:00,02:35:00
2021-05-04,404.9169,407.7455,402.9202,407.2365,74164973,-0.5673161441547084,False,True,True,405.19,-1.6212032425041458,409.56,2,00:20:00,02:25:00,,
2021-05-07,413.4514,413.8284,410.251,410.9655,47845920,0.6930517676789318,False,True,True,413.01,1.3945075782170056,408.1369,1,00:35:00,02:15:00,,
2021-05-11,405.5028,406.4437,401.3445,404.3198,92104098,-1.499818990723462,False,True,True,402.27,-2.224660041191188,410.4762,2,01:05:00,01:15:00,,
2021-05-12,397.0575,403.8207,395.4133,402.4896,98640480,-0.7430774830654643,False,True,True,400.46,-2.4881455812388933,405.5028,2,01:15:00,06:20:00,,
2021-05-20,407.4518,407.7699,402.9202,403.0475,57889105,0.529701654030014,False,True,True,405.05,1.7075813408932017,400.9238,1,01:15:00,05:55:00,,
2021-06-18,409.0794,410.2853,407.2137,409.5508,61350162,-0.9992636902606498,False,True,True,407.48,-1.5642109955265369,413.6846,2,06:25:00,06:25:00,,
2021-07-09,427.707,427.9721,424.5058,424.7218,48728790,0.5462646506048559,False,True,True,426.83,1.3157225027656463,422.4143,1,01:55:00,06:20:00,,
2021-07-19,415.1184,419.0069,414.3525,418.4963,109532170,-1.250740625993247,False,True,True,416.38,-2.228520312442109,423.7969,2,00:25:00,04:00:00,,
2021-07-20,424.2456,424.6138,417.1608,417.9955,72030266,0.6930793720538488,False,True,True,420.07,2.2873955960516366,415.1184,1,00:25:00,05:55:00,,
2021-07-23,431.7329,432.3516,428.9049,429.6316,42806666,0.5065193428068194,False,True,True,431.77,1.1428266642711562,427.4664,1,03:35:00,06:20:00,,
2021-09-14,435.3742,440.2464,435.2189,440.0304,55723272,0.520408459304496,True,True,False,442.22,,437.7523,1,,,00:30:00,05:20:00
2021-09-20,424.3389,430.0524,422.4672,428.3975,122126252,-1.484932441817368,False,True,True,426.22,-2.848675006002008,434.8548,2,02:30:00,05:45:00,,
2021-09-24,437.6672,438.0415,434.6331,434.8597,42096428,-0.5115812140038916,True,True,False,432.67,,437.0958,2,,,00:30:00,06:15:00
2021-09-28,428.3679,433.4806,426.4864,433.1358,96513153,-0.8076262119202325,False,True,True,430.95,-2.3304044497533996,436.6624,2,00:20:00,03:30:00,,
2021-10-05,427.9837,428.9984,422.9893,423.8266,66533817,0.6150474389878547,False,True,True,425.93,1.8428158290439751,421.2358,1,00:35:00,05:15:00,,
2021-10-06,427.3631,428.6338,421.1669,422.8711,85221264,-1.194578204730691,True,True,False,420.73,,427.9837,2,,,05:10:00,06:25:00
2021-10-07,433.0492,435.0961,431.668,431.8551,53750420,1.0510968307745847,False,True,True,433.99,1.8094683420257867,427.3631,1,00:25:00,00:50:00,,
2021-10-14,435.5493,436.0615,432.0423,432.5349,48509019,1.0052775377717522,False,True,True,434.68,1.8288069495364652,428.23,1,01:30:00,06:20:00,,
2021-11-23,460.3835,462.1024,457.5267,460.2554,52780614,-0.8446578787662722,False,True,True,457.93,-1.4325166677043506,464.1761,2,01:30:00,01:30:00,,
2021-11-30,449.7494,457.1129,448.5131,455.1132,98293752,-0.7838524135573571,False,True,True,452.82,-2.2226955314569916,458.7088,2,01:20:00,06:20:00,,
2021-12-01,446.8581,457.7434,443.5778,454.7586,92085837,1.113775804926037,True,True,True,457.01,1.7774342778445127,449.7494,1,01:40:00,01:55:00,05:30:00,06:25:00
2021-12-02,451.1334,452.2269,443.5975,444.0014,88379358,-0.6392857150849429,True,True,False,441.77,,446.8581,2,,,00:10:00,06:10:00
2021-12-06,452.286,453.9212,446.799,449.3406,66471402,1.0053314667130608,False,True,True,451.56,2.034984743796027,444.8682,1,01:25:00,04:30:00,,
2021-12-07,460.4721,461.8907,457.4233,457.4873,64070823,1.1500024320894309,False,True,True,459.75,2.1235899408781123,452.286,1,00:20:00,01:30:00,,
2021-12-14,456.9947,458.7975,453.3893,456.1476,59059188,-1.073546886050389,False,True,True,453.84,-1.6717498265551929,461.0977,2,02:25:00,03:15:00,,
2021-12-16,460.5411,465.8212,457.8715,465.5256,72049393,0.7246801707486885,True,True,False,467.84,,462.1763,1,,,02:35:00,05:20:00
2021-12-17,456.4452,459.4208,452.8172,456.2376,79572926,-0.9344442873828168,False,True,True,453.93,-1.6771358734323514,460.5411,2,00:40:00,00:45:00,,
2021-12-20,448.7839,450.1877,445.9764,449.2386,69853130,-1.5788532774580564,False,True,True,446.96,-2.2935502443666813,456.4452,2,01:00:00,02:05:00,,
2021-12-21,457.1965,457.9083,451.0872,453.3214,48991156,1.011065682169072,False,True,True,455.57,2.0331388893407225,448.7839,1,02:40:00,06:25:00,,
2022-01-10,457.0977,460.4093,451.3713,457.4041,82444396,-0.9281995800207675,False,True,True,455.1,-2.234878635966378,461.6895,2,00:15:00,01:15:00,,
2022-01-11,464.3141,464.4723,456.7615,459.8953,55080336,0.6120354576275587,True,True,True,462.18,1.6133531190377997,457.0977,1,02:10:00,06:25:00,00:10:00,00:25:00
2022-01-18,451.6804,454.6955,450.0987,454.4681,75018626,-0.9117197721921552,False,True,True,452.17,-1.8643858264815147,458.6497,2,00:20:00,06:25:00,,
2022-01-21,433.837,442.9317,432.9572,440.4603,125552531,-1.0899722240997936,False,True,True,438.23,-2.7748728369481217,445.3141,2,00:25:00,06:25:00,,
2022-01-24,428.6569,435.3396,415.9441,427.0851,167372246,-1.5563218443793356,True,True,True,424.92,-4.124337020586072,433.837,2,00:15:00,02:55:00,06:20:00,06:25:00
2022-01-26,428.4988,438.9577,423.9514,435.6757,136664619,1.2264958228091303,True,True,True,437.83,1.9890477835690665,430.3969,1,00:30:00,04:30:00,05:15:00,05:50:00
2022-01-27,426.6996,436.5357,424.5347,433.2438,102060125,1.1073543263131669,True,True,True,435.39,1.8755945174175523,428.4988,1,00:15:00,00:40:00,03:05:00,05:45:00
2022-01-31,441.9332,445.1263,434.7761,436.1897,89610890,1.0720095985919074,False,True,True,438.35,3.1427602856869403,431.5633,1,00:30:00,06:25:00,,
2022-02-01,447.4592,448.4379,441.8229,445.5612,71969399,0.8209385490838855,True,True,True,447.77,1.4718740298307558,441.9332,1,06:15:00,06:20:00,00:35:00,00:35:00
2022-02-02,451.9868,452.8765,447.8646,450.2865,71264778,0.6318564910499057,False,True,True,452.52,1.2106802139725839,447.4592,1,05:45:00,06:25:00,,
2022-02-03,443.248,447.7855,440.6086,445.7886,79780720,-1.3713232333333722,False,True,True,443.53,-2.517374401199325,451.9868,2,05:05:00,06:20:00,,
2022-02-07,444.3058,445.8281,440.747,444.3651,60905031,-0.5838806608603765,False,True,True,442.13,-1.3933444584919594,446.9749,2,02:10:00,06:25:00,,
2022-02-08,445.1806,446.7475,440.1242,441.6169,58256130,-0.6051912894227331,True,True,False,439.4,,444.3058,2,,,02:00:00,06:25:00
2022-02-09,451.9671,452.6393,449.7972,450.0097,61120060,1.084750773057043,False,True,True,452.24,1.6754323975483127,445.1806,1,05:05:00,06:20:00,,
2022-02-10,444.2563,452.4712,442.0815,446.1741,93477582,-1.2817304622393988,True,True,True,443.91,-2.18723884990744,451.9671,2,06:00:00,06:20:00,01:05:00,01:10:00
2022-02-15,440.2033,441.172,438.1075,438.6512,62585823,1.0590144785965814,False,True,True,440.82,1.6397710425764522,434.0545,1,01:35:00,06:20:00,,
2022-02-17,433.0857,438.7204,431.4249,438.1471,69865645,-0.8872140379831936,False,True,True,435.94,-2.407835696311809,442.0692,2,00:20:00,06:20:00,,
2022-02-24,419.152,423.8526,405.94,406.3156,141223261,-2.9743673994929,True,True,False,404.22,,418.7714,2,,,05:20:00,06:20:00
2022-02-25,431.9587,432.8286,422.9629,424.6928,88345315,1.3219070885979287,False,True,True,426.79,3.262921326869491,419.152,1,00:55:00,06:25:00,,
2022-02-28,428.0836,433.1845,425.7704,427.0753,102471577,-1.1305247469260358,True,True,False,424.92,,431.9587,2,,,01:50:00,02:00:00
2022-03-02,433.7875,434.6871,426.6304,427.4608,82488134,0.7995612046215899,False,True,True,429.58,2.5035955140435417,424.0701,1,00:15:00,06:20:00,,
2022-03-04,425.7308,428.4098,422.9826,426.8083,82184215,-0.9816040018615528,False,True,True,424.65,-1.8691562766651981,431.0394,2,00:15:00,01:40:00,,
2022-03-09,424.0404,424.594,417.9806,420.274,76172659,1.5756928323438157,False,True,True,422.34,2.619790237930944,413.7545,1,02:25:00,06:00:00,,
2022-03-11,416.8289,423.8625,414.7282,423.2199,67249448,0.7720653539928594,True,True,False,425.32,,419.9774,1,,,02:00:00,06:25:00
2022-03-15,421.1242,421.9545,413.6309,414.9655,69830978,0.7004969194006401,False,True,True,417.03,2.3965313438761413,412.0789,1,01:00:00,06:20:00,,
2022-03-16,427.6387,430.6934,419.9379,424.9696,98535316,0.9131272911886898,True,True,True,427.08,2.272298766017252,421.1242,1,00:10:00,06:25:00,05:00:00,05:00:00
2022-03-22,445.1902,446.8066,442.1261,442.1261,53128937,0.5729430396303665,False,True,True,444.32,1.637643042405569,439.6074,1,00:30:00,06:20:00,,
2022-04-06,442.1261,445.1704,439.7561,443.1475,77661654,-0.9288794336896019,False,True,True,440.91,-1.6870689716844744,447.3024,2,00:40:00,04:45:00,,
2022-04-11,437.2027,441.2733,435.7103,440.3908,59782701,-1.0978946931084794,False,True,True,438.16,-2.1490322370555948,445.2795,2,01:40:00,06:25:00,,
2022-04-18,433.0527,436.0673,431.962,433.1519,45009529,-0.5124682147745288,True,True,False,430.97,,435.3831,2,,,00:05:00,04:55:00
2022-04-21,435.4822,446.2414,433.4395,444.7837,66763251,0.7140361519578782,True,True,False,446.99,,441.6303,1,,,02:15:00,06:20:00
2022-04-22,425.5808,433.5684,421.8771,433.2412,87703143,-0.5146019745468323,False,True,True,431.06,-3.12414606153822,435.4822,2,00:10:00,06:25:00,,
2022-04-25,423.7662,425.0999,415.3324,420.112,85924437,-1.2850203768591035,False,True,True,417.98,-2.4080973577755396,425.5808,2,00:15:00,02:20:00,,
2022-04-28,424.971,426.042,414.1028,418.7535,76583634,0.9285834107815579,True,True,True,420.83,2.6852683822253343,414.9008,1,03:10:00,05:50:00,01:00:00,01:10:00
2022-04-29,410.404,422.3035,407.7663,420.0426,96580292,-1.159702662064002,False,True,True,417.92,-4.048440952441461,424.971,2,00:55:00,06:25:00,,
2022-05-05,406.2144,421.4408,406.0111,420.9648,131432726,-0.6063988859430267,False,True,True,418.85,-4.137102861618134,423.5331,2,00:15:00,06:00:00,,
2022-05-09,396.2932,403.0065,393.1795,401.7075,107571538,-0.9874206829645354,False,True,True,399.68,-3.089396066584893,405.7136,2,00:35:00,06:20:00,,
2022-05-10,395.728,402.6793,391.5136,401.1026,93500289,1.2135963978185804,True,True,False,403.08,,396.2932,1,,,01:15:00,03:00:00
2022-05-12,385.5737,392.4854,381.9245,386.1092,88134435,-1.370385101024622,True,True,True,384.15,-2.439345253923695,391.4739,2,00:05:00,05:20:00,01:35:00,01:40:00
2022-05-13,399.1094,399.8035,392.2969,393.3877,73417667,2.0265905065620458,False,True,True,395.32,3.6905525454666677,385.5737,1,00:20:00,02:40:00,,
2022-05-16,397.5922,400.5869,394.2703,396.6303,55182000,-0.6211580083054964,True,True,True,394.63,-1.2124745746404304,399.1094,2,00:15:00,00:20:00,04:00:00,05:00:00
2022-05-17,404.4939,405.1484,399.211,403.1255,57990745,1.3917023523097276,False,True,True,405.11,1.9004899995523026,397.5922,1,05:35:00,05:35:00,,
2022-05-18,387.5373,400.4184,387.2793,400.1209,77445602,-1.081104066093454,False,True,True,398.1,-4.255836738205451,404.4939,2,00:25:00,06:20:00,,
2022-05-19,386.9818,390.8393,383.8681,385.306,69743084,-0.5757639329169174,True,True,False,383.37,,387.5373,2,,,00:05:00,05:30:00
2022-05-20,381.637,393.705,377.3531,389.9567,84990541,0.7687441631621929,True,True,True,391.89,1.7373426864002293,386.9818,1,00:00:00,00:00:00,00:40:00,04:00:00
2022-05-23,392.9613,394.3992,387.1107,389.5402,57102448,2.0708683906434717,False,True,True,391.45,3.344067792169,381.637,1,01:10:00,05:15:00,,
2022-05-24,389.57,391.8408,383.7194,389.2725,65583481,-0.9387183928799133,False,True,True,387.31,-2.3518600941110455,392.9613,2,00:30:00,01:20:00,,
2022-05-27,410.9593,411.9015,404.2857,404.5138,57607910,0.6747090861487308,False,True,True,406.52,2.513347343522745,401.8028,1,00:10:00,06:25:00,,
2022-06-03,407.211,410.5726,406.0805,408.9067,50656136,-0.722246568491184,False,True,True,406.85,-1.4084147989166895,411.8815,2,01:35:00,01:55:00,,
2022-06-06,407.687,413.1201,407.1141,411.3064,44080270,1.0057193936313076,True,True,False,413.34,,407.211,1,,,05:50:00,06:05:00
2022-06-07,411.4155,412.7343,404.1964,404.6823,41935682,-0.7370114818475972,True,True,False,402.64,,407.687,2,,,00:55:00,06:20:00
2022-06-09,400.8844,408.2919,398.088,405.902,57976660,-0.6794091983284738,False,True,True,403.86,-2.59142514435549,408.6786,2,05:10:00,06:25:00,,
2022-06-10,389.5105,392.4632,386.486,391.5731,83616355,-2.3226895334415647,False,True,True,389.57,-3.5916588422996845,400.8844,2,00:30:00,06:25:00,,
2022-06-13,371.7604,378.6125,370.1738,376.6689,101033900,-3.296855925578379,False,True,True,374.72,-4.9643591122703885,389.5105,2,00:45:00,06:20:00,,
2022-06-14,369.8763,374.7749,367.4865,373.694,69564432,0.5201199482247202,True,True,False,375.55,,371.7604,1,,,00:10:00,05:45:00
2022-06-15,378.7761,380.685,369.0037,374.1998,88288567,1.1689043066560272,True,True,True,376.05,2.922247248607166,369.8763,1,00:30:00,06:05:00,05:00:00,05:00:00
2022-06-16,363.8274,367.8335,361.0309,367.4071,89501469,-3.001509334934272,False,True,True,365.51,-4.684878480981248,378.7761,2,00:05:00,05:20:00,,
2022-06-21,374.3223,374.9846,370.2889,370.3586,52554416,1.150552279842555,False,True,True,372.19,2.4139830597584235,366.1459,1,00:10:00,05:40:00,,
2022-06-22,374.2327,377.1706,368.6656,369.1337,58460885,-1.386131683845715,True,True,False,367.26,,374.3223,2,,,00:45:00,04:45:00
2022-06-24,386.4826,388.4941,379.8048,379.8397,62538599,1.1000602331552727,False,True,True,381.72,3.4035592125453156,375.7067,1,00:10:00,06:25:00,,
2022-06-27,387.0456,389.7589,385.855,389.4502,47339113,0.7678482808799166,True,True,False,391.38,,386.4826,1,,,00:15:00,06:20:00
2022-06-30,375.7564,379.1009,371.0358,374.7008,75010928,-1.2862529216256045,False,True,True,372.8,-2.251785642778706,379.5832,2,00:05:00,00:30:00,,
2022-07-05,379.4911,380.4173,371.3744,374.3124,59936557,-1.1956435664472154,True,True,True,372.42,-1.9711647599790953,378.842,2,00:05:00,00:30:00,05:05:00,06:25:00
2022-07-08,387.8567,389.0419,384.0822,385.6857,46649119,-0.5188840575149637,True,True,False,383.75,,387.6974,2,,,00:55:00,01:55:00
2022-07-11,382.8274,385.2873,381.9311,384.2715,41577498,-0.9243620130836946,False,True,True,382.33,-1.527780749952231,387.8567,2,00:15:00,06:20:00,,
2022-07-13,378.301,380.3575,373.1253,373.5654,56309524,-1.3492062444130808,True,True,False,371.67,,378.6745,2,,,01:35:00,03:30:00
2022-07-14,376.9118,377.0213,369.5221,372.1313,56821390,-1.6308970898834467,False,True,True,370.24,-2.3206124223832254,378.301,2,00:10:00,00:40:00,,
2022-07-15,382.2448,383.6739,378.9832,380.985,45172586,1.0806772300575322,False,True,True,382.87,1.794080206562908,376.9118,1,01:35:00,06:25:00,,
2022-07-18,380.9252,387.4982,379.1027,386.7911,43396691,1.189368697755986,True,True,False,388.7,,382.2448,1,,,05:10:00,06:20:00
2022-07-19,390.4063,391.2627,383.8134,384.5005,53190908,0.9385832179125901,False,True,True,386.41,2.7137873787294664,380.9252,1,00:55:00,06:15:00,,
2022-07-27,400.6553,401.2318,392.4379,392.7467,56811627,0.967211024400974,False,True,True,394.69,3.1485581426915905,388.9844,1,01:30:00,06:00:00,,
2022-08-01,409.2289,411.7187,406.7292,407.4761,48852296,-0.7832616536589833,True,True,False,405.42,,410.6929,2,,,00:35:00,01:20:00
2022-08-08,411.0216,415.9115,410.1452,413.5512,37839947,0.6813101898052015,True,True,True,415.6,1.2559381837295251,410.7527,1,00:20:00,00:25:00,03:05:00,05:20:00
2022-08-11,418.1722,423.2115,417.495,421.2595,41128389,0.8872609983793686,True,True,False,423.35,,417.5547,1,,,05:40:00,05:40:00
2022-08-12,424.6655,425.4623,419.3075,420.3035,40394029,0.509670418071792,False,True,True,422.39,1.743324879080927,418.1722,1,02:40:00,06:25:00,,
2022-08-19,420.5524,423.5202,419.4968,423.2414,45147599,-0.7844109861608753,False,True,True,421.11,-1.662214279083593,426.5876,2,00:25:00,05:35:00,,
2022-08-22,411.5295,415.5231,410.7129,415.3438,48071886,-1.2385139164584462,False,True,True,413.24,-2.3396608841133677,420.5524,2,00:50:00,06:10:00,,
2022-08-26,405.4446,418.2419,403.5921,417.6743,68820755,0.5080819293541371,True,True,False,419.75,,415.5629,1,,,00:30:00,06:25:00
2022-09-01,392.5027,395.1568,388.4443,391.2827,58379914,-0.9604201306529779,True,True,True,389.31,-1.6788621765219942,395.0771,2,00:40:00,01:30:00,06:25:00,06:25:00
2022-09-02,390.6154,399.9122,388.7331,398.6524,67774712,1.5667917698400535,True,True,False,400.61,,392.5027,1,,,03:50:00,06:15:00
2022-09-08,397.7063,399.2201,392.5076,393.6828,56724699,-0.7731813250849973,True,True,False,391.7,,396.7504,2,,,00:50:00,01:50:00
2022-09-09,405.4943,405.8429,400.8135,401.0824,51802164,0.8488927633281163,False,True,True,403.07,2.045881596544985,397.7063,1,00:30:00,06:10:00,,
2022-09-13,392.5574,401.4509,390.3166,400.1761,73022997,-2.023811447494895,False,True,True,398.13,-4.437739293344326,408.4422,2,00:30:00,06:15:00,,
2022-09-16,384.38,386.25,382.11,384.14,62729712,-0.8870216800287151,False,True,True,382.2,-1.4107873539745135,387.5779,2,00:25:00,02:55:00,,
2022-09-19,388.185,388.55,382.1784,382.26,48122265,-0.5515375409750779,True,True,False,380.34,,384.38,2,,,00:10:00,06:25:00
2022-09-20,383.57,386.12,381.195,385.05,55009298,-0.8076046215077839,False,True,True,383.11,-1.8006878163762148,388.185,2,00:40:00,04:25:00,,
2022-09-21,381.03,389.31,377.39,386.11,78121873,0.6621998592173581,True,True,True,388.03,1.4964673983888233,383.57,1,05:10:00,05:15:00,04:30:00,06:25:00
2022-09-22,376.15,377.66,373.44,376.58,59215647,-1.1678870430149828,False,True,True,374.67,-1.9919691362884748,381.03,2,00:25:00,01:50:00,,
2022-09-23,366.735,370.62,363.29,370.58,80999956,-1.4807922371394373,False,True,True,368.7,-3.4188488634853003,376.15,2,00:10:00,05:25:00,,
2022-09-27,362.67,370.4,360.87,368.02,75546025,0.7942594215600288,True,True,True,369.85,1.4460999123575735,365.12,1,00:05:00,00:10:00,01:55:00,04:25:00
2022-09-29,361.69,367.11,359.7,366.81,81062847,-1.2385234646347762,False,True,True,364.95,-3.1528499501898266,371.41,2,00:10:00,04:50:00,,
2022-10-04,376.16,378.0,372.31,372.4,70321684,1.132444396165429,False,True,True,374.24,2.6532330337017576,368.23,1,00:05:00,06:25:00,,
2022-10-05,378.72,379.46,370.95,373.39,63674727,-0.7363887707358673,True,True,True,371.51,-1.3850489153551775,376.16,2,00:55:00,01:00:00,03:35:00,05:45:00
2022-10-06,374.33,378.72,372.68,375.62,59646353,-0.8185466835657009,True,True,True,373.73,-1.5948457963667142,378.72,2,00:55:00,05:40:00,00:10:00,00:10:00
2022-10-07,361.2,369.37,360.94,368.97,70660983,-1.4318916464082379,False,True,True,367.1,-3.5770576763817985,374.33,2,00:10:00,06:00:00,,
2022-10-10,360.6801,364.21,357.67,363.97,54229981,0.7668881506090915,True,True,False,365.78,,361.2,1,,,00:30:00,03:40:00
2022-10-11,356.98,363.03,355.71,358.26,69595617,-0.6709824024114419,True,True,True,356.46,-1.3779800992624773,360.6801,2,00:30:00,05:45:00,02:10:00,03:15:00
2022-10-13,366.15,367.51,348.11,349.23,105083475,-2.3487962419260064,True,True,False,347.44,,357.63,2,,,01:45:00,05:40:00
2022-10-14,358.65,370.26,356.96,368.53,83883862,0.6500068278028118,True,True,False,370.36,,366.15,1,,,00:15:00,06:25:00
2022-10-17,366.8699,367.9799,363.97,364.0,64225690,1.4917050048794154,False,True,True,365.79,2.601394116826993,358.65,1,00:05:00,00:50:00,,
2022-10-26,382.41,387.58,381.35,381.61,64867144,-0.8676451487206066,True,True,False,379.69,,384.95,2,,,01:05:00,02:10:00
2022-11-01,384.7501,390.39,383.29,390.14,58282157,0.9104547100512084,True,True,False,392.07,,386.62,1,,,00:30:00,02:05:00
2022-11-03,373.2,374.2,368.79,371.465,56067635,-1.3111052072263556,False,True,True,369.58,-2.021785334750254,376.4,2,00:20:00,00:30:00,,
2022-11-04,374.3,378.87,370.0,377.0,67256157,1.0182207931404104,True,True,True,378.87,1.519292604501612,373.2,1,01:10:00,01:10:00,00:10:00,04:35:00
2022-11-07,380.29,380.57,375.53,377.71,45863285,0.9110339300026631,False,True,True,379.58,1.6751269035532945,374.3,1,04:55:00,06:00:00,,
2022-11-09,374.9,381.14,373.61,379.85,53979244,-0.8949071175119887,False,True,True,377.93,-2.5229597161344084,383.28,2,01:25:00,06:15:00,,
2022-11-10,393.65,395.04,385.642,388.03,88436690,3.502267271272338,False,True,True,389.9,5.372099226460401,374.9,1,00:30:00,06:25:00,,
2022-11-14,397.68,400.1799,394.83,396.66,46976394,-0.5016806301108714,True,True,False,394.67,,398.66,2,,,00:45:00,04:30:00
2022-11-15,398.26,402.31,394.49,401.15,63073625,0.8725608529470857,True,True,False,403.14,,397.68,1,,,03:50:00,04:10:00
2022-11-22,399.43,400.07,395.1527,396.63,39599574,0.5220873355805059,False,True,True,398.6,1.3939224979091163,394.57,1,04:20:00,06:25:00,,
2022-11-28,395.2,400.81,395.11,399.09,43255821,-0.7905138339920966,False,True,True,397.08,-1.7798990727620674,402.27,2,04:20:00,05:55:00,,
2022-12-01,407.53,410.0,404.75,408.8,53073064,0.8187826773207046,True,True,False,410.83,,405.48,1,,,00:45:00,01:00:00
2022-12-02,406.86,407.86,402.14,402.24,51591488,-1.2980639462125398,True,True,False,400.2,,407.53,2,,,05:40:00,05:45:00
2022-12-05,398.68,404.93,398.17,403.95,50135684,-0.7152337413360923,False,True,True,401.92,-2.1358698323747722,406.86,2,00:30:00,05:15:00,,
2022-12-08,396.44,397.36,393.45,395.14,40461641,0.5649749147472973,False,True,True,397.1,1.1299752799615044,392.9201,1,00:55:00,01:05:00,,
2022-12-15,390.58,395.25,387.885,394.31,75787439,-0.9146877748460828,False,True,True,392.32,-2.529212212589521,397.95,2,00:25:00,03:35:00,,
2022-12-16,384.795,386.575,381.04,385.19,67817503,-1.3799989758820181,False,True,True,383.24,-2.4425213784627897,390.58,2,00:40:00,03:25:00,,
2022-12-21,385.7492,387.41,382.69,383.25,45393869,0.5484580602083957,False,True,True,385.16,1.639864676073939,381.1595,1,00:55:00,04:40:00,,
2022-12-22,380.39,383.38,374.77,383.05,66583537,-0.6997292541371343,False,True,True,381.12,-2.8462016253047295,385.7492,2,00:10:00,04:00:00,,
2022-12-29,383.515,384.35,379.08,379.63,43341132,0.6308813783962878,False,True,True,381.52,1.8820410868124646,377.25,1,00:10:00,04:35:00,,
2022-12-30,380.47,382.58,378.43,380.64,51072006,-0.7496447335827804,False,True,True,378.72,-1.3258933809629296,383.515,2,03:55:00,03:55:00,,
2023-01-03,380.555,386.43,377.831,384.37,49036005,1.0250479669881927,True,True,True,386.27,1.5664835598076008,380.47,1,00:10:00,00:10:00,00:45:00,03:15:00
2023-01-04,382.68,385.88,380.0,383.18,59509413,0.6897820288788743,True,True,True,385.08,1.3992721157257133,380.555,1,02:05:00,02:25:00,00:35:00,00:40:00
2023-01-06,388.6825,389.25,379.45,382.61,67790804,0.8580353494747651,False,True,True,384.51,2.608374741337265,379.355,1,01:05:00,05:45:00,,
2023-01-11,394.415,395.6,391.38,392.23,44614840,0.6802197238051323,False,True,True,394.18,1.5452538631346677,389.58,1,03:40:00,06:25:00,,
2023-01-12,396.725,398.485,392.42,396.67,60874160,0.571732819492158,True,True,False,398.64,,394.415,1,,,00:10:00,00:20:00
2023-01-13,398.275,399.1,393.34,393.62,44004355,-0.7826580124771613,True,True,False,391.64,,396.725,2,,,01:00:00,06:10:00
2023-01-19,389.885,391.08,387.26,389.35,59736151,-0.875786043432877,False,True,True,387.39,-1.4078769826115811,392.79,2,02:10:00,02:15:00,,
