,Date,Open,High,Low,Close,prev_close,Volume,gapped_percent,is_gapped,up_or_down,is_half_percent_continutation_target_price,is_half_percent_continued,is_gap_fill,max_gap_and_go_percentage,continuation_fill_time,greatest_continuation_fill_time
2499,2015-01-08,177.0462,178.9121,177.0289,178.8166,175.419,131525066,0.9276076137704511,True,1,177.92,True,False,1.991289427028998,00:30:00,05:10:00
2502,2015-01-13,177.1417,178.3219,174.0088,174.7768,175.6093,195699224,0.8726189330519486,True,1,178.02,True,True,1.544679011874661,00:10:00,00:30:00
2503,2015-01-14,173.2625,174.5208,172.3252,174.3646,174.7768,172164500,-0.8664193416975364,True,2,172.39,True,False,-1.4027033336232344,04:15:00,04:15:00
2508,2015-01-22,177.0289,178.9988,175.5883,178.8634,176.0656,135999735,0.5471256168155527,True,1,177.91,True,True,1.6659699566525201,05:00:00,05:50:00
2511,2015-01-27,176.1437,177.1417,175.0762,176.1437,177.9531,116255202,-1.0167847595799178,True,2,175.25,True,False,-1.6166619182245243,01:10:00,01:15:00
2514,2015-01-30,174.0609,175.4494,172.8112,173.8005,175.2064,162925022,-0.6538003177966093,True,2,173.18,True,True,-1.3670733489187543,06:10:00,06:25:00
2516,2015-02-03,176.1697,177.7752,175.7792,177.4107,174.0609,111144777,1.2115299874928844,True,1,177.04,True,False,2.1339083045072207,04:20:00,06:25:00
2521,2015-02-10,178.6691,179.7452,177.7492,179.6063,177.4888,86969995,0.6649997070237605,True,1,179.56,True,False,1.2712914843077499,05:55:00,06:10:00
2538,2015-03-06,181.7412,182.1925,179.7278,180.0576,182.7132,149613364,-0.5319812690051996,True,2,180.83,True,False,-1.6339268317778892,02:05:00,06:10:00
2540,2015-03-10,179.3894,179.4761,177.8793,178.2265,181.0296,134665927,-0.9060396752796189,True,2,178.48,True,False,-1.7402126503069042,02:25:00,06:25:00
2544,2015-03-16,179.3894,181.1077,179.3633,180.9384,178.3014,118307096,0.6102027241513492,True,1,180.28,True,False,1.5739080007223685,00:30:00,06:25:00
2548,2015-03-20,182.8052,183.9472,182.7181,183.5723,181.8366,141126752,0.5326760399171615,True,1,183.71,True,False,1.160712419831874,03:20:00,03:50:00
2554,2015-03-30,180.4255,181.8463,180.408,181.6415,179.1179,77913940,0.730021957604465,True,1,181.32,True,False,1.5232425123340672,00:15:00,05:45:00
2567,2015-04-17,182.134,182.3868,180.4516,181.1926,183.4067,158015333,-0.693922304910352,True,2,181.22,True,False,-1.6112279431449272,00:35:00,04:45:00
2568,2015-04-20,182.2386,183.2759,182.1514,183.1016,181.1926,72673663,0.5772862688652806,True,1,183.14,True,False,1.1497710171386737,01:30:00,01:30:00
2577,2015-05-01,182.535,183.7292,182.4304,183.3195,181.2536,86517823,0.7069652685519022,True,1,183.44,True,False,1.3658211478282283,04:20:00,06:25:00
2586,2015-05-14,184.1389,185.0804,183.8513,184.9584,182.9273,82142065,0.6623396289126906,True,1,185.05,True,False,1.1770249711224048,05:45:00,06:25:00
2617,2015-06-29,182.236,183.7978,179.8578,180.4709,183.9922,170240083,-0.9544969841112867,True,2,181.32,True,False,-2.2470517771949026,03:30:00,06:25:00
2623,2015-07-08,180.8126,181.1143,178.9118,179.1132,182.1352,149073874,-0.7261638606924934,True,2,179.9,True,False,-1.7697842042614487,01:00:00,05:20:00
2637,2015-07-28,182.0126,183.5105,181.1454,183.2039,180.8826,110127403,0.6247145938857555,True,1,182.92,True,False,1.452820779887071,03:35:00,04:45:00
2646,2015-08-10,183.3178,184.5353,183.3178,184.3339,181.9741,69451206,0.7384017835505232,True,1,184.23,True,False,1.4074530386467161,02:20:00,04:45:00
2647,2015-08-11,183.0462,183.4842,181.9863,182.6521,184.3339,104882144,-0.6985692810709268,True,2,182.12,True,False,-1.2735584718817319,03:35:00,03:40:00
2648,2015-08-12,181.417,183.1951,179.8841,183.0024,182.6521,160731454,-0.6762035585684416,True,2,180.5,True,True,-1.515449315939976,00:40:00,00:50:00
2654,2015-08-20,180.8914,182.4475,178.6139,179.5398,182.6783,166373224,-0.9781676312950157,True,2,179.98,True,False,-2.224894801407724,03:15:00,06:25:00
2655,2015-08-21,176.7044,178.6406,173.0254,173.6386,179.5398,306098920,-1.5792598632726678,True,2,175.81,True,False,-3.628387688969255,01:35:00,06:25:00
2656,2015-08-24,164.2309,172.9792,159.7724,165.3171,173.6386,443270458,-5.417977339140033,True,2,163.36,True,False,-7.985666781464485,00:00:00,00:00:00
2658,2015-08-26,168.2515,170.6253,165.0018,169.2851,167.2765,305209621,0.582867288591042,True,1,169.09,True,True,2.0019548472140505,05:40:00,06:20:00
2659,2015-08-27,172.5787,174.6722,170.9932,172.675,169.2851,250637544,1.9455935578500398,True,1,173.43,True,False,3.182264712015413,01:15:00,03:45:00
2660,2015-08-28,173.8751,175.0445,173.367,173.9189,172.675,131443663,0.6950050673230009,True,1,174.74,True,False,1.3722310699290503,01:55:00,02:00:00
2662,2015-09-01,169.1625,170.6078,167.069,168.1909,173.0999,227521793,-2.2746402510919976,True,2,168.3,True,False,-3.484057472014717,05:35:00,06:10:00
2664,2015-09-03,171.913,173.4809,170.7742,171.2035,170.0122,135937374,1.1180374114328289,True,1,172.76,True,False,2.0402653456634194,00:45:00,01:35:00
2665,2015-09-04,168.926,169.8107,167.8398,168.6369,171.2035,161860479,-1.330288224247754,True,2,168.07,True,False,-1.9647378704290477,03:50:00,04:55:00
2666,2015-09-08,171.6327,173.0955,170.9582,172.5787,168.6369,99909995,1.7764795249438305,True,1,172.48,True,False,2.6439053374439343,05:05:00,06:25:00
2676,2015-09-22,170.7111,171.2218,169.5489,170.6671,173.0885,126343351,-1.373517015861841,True,2,169.85,True,False,-2.0449654367563452,01:15:00,04:00:00
2678,2015-09-24,169.1879,170.3325,167.7879,170.2004,170.4294,140559116,-0.7284541282196462,True,2,168.34,True,False,-1.549908642522933,00:15:00,01:35:00
2680,2015-09-28,168.8621,168.9766,165.2168,165.4977,169.8482,147440622,-0.580577244857463,True,2,168.01,True,False,-2.7267878022846195,00:20:00,05:40:00
2682,2015-09-30,167.6206,168.9017,166.8017,168.3602,164.913,137397729,1.6418353919945576,True,1,168.45,True,False,2.418669237719279,00:35:00,06:25:00
2685,2015-10-05,172.9828,174.9904,172.8684,174.779,171.0413,115099321,1.135105965635195,True,1,173.84,True,False,2.3088575683182873,00:40:00,06:00:00
2713,2015-11-12,181.823,182.3161,180.3438,181.013,183.1781,110631023,-0.7397718395375829,True,2,180.91,True,False,-1.547291952476859,05:20:00,06:25:00
2714,2015-11-13,179.93,180.2117,178.2438,178.4683,181.013,138129206,-0.5982995696441683,True,2,179.02,True,False,-1.529834873738357,00:40:00,05:50:00
2727,2015-12-04,181.4532,184.8784,181.3211,184.5094,180.5111,170316786,0.5219069630621112,True,1,182.36,True,False,2.4194080031643486,00:15:00,05:35:00
2732,2015-12-11,179.0495,179.7451,177.4293,177.7419,181.5501,185550461,-1.3773608497048426,True,2,178.14,True,False,-2.2697866869806047,02:45:00,05:50:00
2734,2015-12-15,180.2381,181.4796,178.6238,180.4583,178.0545,138292573,1.226366084541538,True,1,181.13,True,False,1.9236245082264223,00:20:00,03:05:00
2735,2015-12-16,181.7042,183.4872,180.3262,183.0998,180.4583,176277309,0.6904088091265281,True,1,182.61,True,True,1.6784487053241623,05:25:00,06:10:00
2737,2015-12-18,179.6013,179.7431,177.1124,177.8963,181.1715,213225813,-0.866692608936836,True,2,178.7,True,False,-2.240473805206669,00:40:00,06:25:00
2739,2015-12-22,179.5526,180.5579,178.5207,180.4162,177.6527,96124358,1.0694461722225457,True,1,180.44,True,False,1.6353255537348879,05:45:00,05:50:00
2742,2015-12-29,182.914,184.0477,182.8786,183.9459,181.6031,82280284,0.7218489111694543,True,1,183.82,True,False,1.346122395487731,04:25:00,05:45:00
2744,2015-12-31,181.6917,182.3648,180.5756,181.2311,182.9229,88435748,-0.6730704575534289,True,2,180.78,True,False,-1.2832182301942459,06:25:00,06:25:00
2745,2016-01-04,177.5818,178.0601,175.8989,176.6252,181.2311,201958034,-2.0136168681865367,True,2,176.68,True,False,-2.9422102497860467,00:30:00,01:40:00
2748,2016-01-07,173.0114,174.8803,171.4702,171.736,175.9697,194232285,-1.6811416965534294,True,2,172.13,True,False,-2.556974297279579,04:05:00,06:00:00
2754,2016-01-15,165.4295,167.1921,164.3223,166.1647,170.6199,286275482,-3.042083602205845,True,2,164.58,True,False,-3.6910114236381504,03:00:00,03:10:00
2756,2016-01-20,163.8883,166.0717,160.3365,165.7572,166.6873,264613643,-1.6791921160160412,True,2,163.05,True,False,-3.8100083209698594,00:25:00,02:55:00
2758,2016-01-22,168.0956,168.9636,167.2984,168.2284,165.7351,149165402,1.4242607631093245,True,1,168.92,True,False,1.947988084600079,04:40:00,04:45:00
2765,2016-02-02,170.0265,170.0353,167.883,168.4439,172.232,162482988,-1.2805402015885554,True,2,169.17,True,False,-2.525082446932039,00:20:00,05:40:00
2769,2016-02-08,164.5438,164.8538,161.9131,163.4809,166.3064,177806858,-1.059850973865102,True,2,163.71,True,False,-2.641690277704292,00:05:00,05:00:00
2772,2016-02-11,161.5057,163.0646,160.3985,162.2054,164.5083,197533505,-1.8251966618097697,True,2,160.68,True,False,-2.4982326119715412,02:00:00,05:05:00
2773,2016-02-12,163.8263,165.3232,162.9406,165.1195,162.2054,110708891,0.9992885563612592,True,1,164.64,True,False,1.9221308291832557,01:55:00,06:25:00
2774,2016-02-16,167.201,168.0956,166.1912,167.9007,165.1195,97916125,1.2606021699435896,True,1,168.03,True,False,1.8023916012342591,03:40:00,05:00:00
2775,2016-02-17,169.3179,171.2311,169.185,170.7129,167.9007,122709622,0.8440703344298197,True,1,170.16,True,False,1.9835533741074323,00:45:00,04:50:00
2778,2016-02-22,171.7183,172.6749,171.6474,172.2763,169.9955,85595742,1.0134385910215309,True,1,172.57,True,False,1.5761593689244806,00:30:00,04:10:00
2780,2016-02-24,168.8485,171.4171,167.6881,171.1957,170.3985,135492734,-0.9096324204731915,True,2,168.0,True,True,-1.5906243306132513,00:20:00,01:00:00
2792,2016-03-11,178.2639,179.6368,178.1399,179.4375,176.8555,114353015,0.7963563474135666,True,1,179.15,True,False,1.5726398104667298,01:55:00,06:25:00
2814,2016-04-13,184.2937,185.273,184.1512,185.0415,183.3677,85986569,0.5049962452492929,True,1,185.21,True,False,1.039059768977842,06:00:00,06:25:00
2825,2016-04-28,185.5935,186.7509,184.258,184.5608,186.6841,83424018,-0.5841954403186961,True,2,184.66,True,True,-1.2995750575437282,05:55:00,06:25:00
2827,2016-05-02,184.2224,185.3442,183.7684,185.0415,183.2698,56194438,0.5197801274405219,True,1,185.14,True,False,1.1318831580544078,06:05:00,06:10:00
2828,2016-05-03,183.8663,184.1156,182.7623,183.5191,185.0415,94515926,-0.6351007746910925,True,2,182.94,True,False,-1.2317236944144978,01:20:00,02:00:00
2859,2016-06-16,184.0533,185.6914,183.0383,185.549,185.8695,132906871,-0.9771371849604055,True,2,183.12,True,False,-1.523219247913184,01:05:00,01:05:00
2866,2016-06-27,180.4104,180.4194,177.7793,178.1284,181.7819,210252341,-0.754475555597118,True,2,179.5,True,False,-2.201869383035385,00:10:00,01:30:00
2867,2016-06-28,180.312,181.8513,179.9898,181.3591,178.1284,143019298,1.225857302934295,True,1,181.2,True,False,2.0900092292975234,05:20:00,06:25:00
2868,2016-06-29,183.319,185.1894,183.2116,185.1178,181.3591,117922408,1.0806736469247895,True,1,184.23,True,False,2.1119976885637355,01:45:00,05:45:00
2871,2016-07-05,186.9972,187.1135,185.8875,186.3439,187.995,97093945,-0.5307587967765165,True,2,186.06,True,False,-1.1210404532035512,04:05:00,04:15:00
2874,2016-07-08,188.8766,190.568,188.6336,190.1832,187.1762,111941463,0.9084488305671351,True,1,189.81,True,False,1.8120893575144799,01:40:00,05:20:00
2918,2016-09-09,194.1746,194.2283,190.8454,191.8388,195.6423,193253580,-0.7501956376509619,True,2,193.2,True,False,-2.451872626727448,01:05:00,06:25:00
2920,2016-09-13,192.2684,192.5457,190.1742,190.9976,193.7092,163273946,-0.7437953385796833,True,2,191.3,True,False,-1.824900417739579,00:30:00,03:30:00
2959,2016-11-07,190.1904,191.7555,190.0555,191.1079,187.9508,92559669,1.1915884369739445,True,1,191.13,True,False,2.02430636102641,01:35:00,06:25:00
2997,2017-01-04,204.1319,205.1542,204.1228,204.9761,202.9421,67389822,0.5862755928907758,True,1,205.15,True,False,1.0900153294954533,06:10:00,06:10:00
3035,2017-03-01,215.6856,217.4318,215.6676,217.1695,213.8852,112486257,0.8417599721719858,True,1,216.76,True,False,1.6581792475589765,02:20:00,04:50:00
3089,2017-05-17,216.3605,216.8512,214.225,214.9702,218.1506,141727409,-0.8205799113089743,True,2,215.27,True,False,-1.7994908104768004,04:15:00,06:25:00
3168,2017-09-11,226.492,227.6426,226.4738,227.4965,225.0036,55933022,0.6615005271026705,True,1,227.62,True,False,1.1728701229669132,03:10:00,03:10:00
3211,2017-11-09,236.5082,237.1138,235.251,236.8936,237.7562,86953110,-0.524907447208535,True,2,235.32,True,False,-1.0536844044445537,03:00:00,03:00:00
3268,2018-02-05,252.2164,254.43,242.8638,247.5309,254.8405,250690302,-1.029702892593602,True,2,250.94,True,False,-4.6996847047466925,03:35:00,05:40:00
3271,2018-02-08,247.1988,247.3464,237.5879,241.7846,249.1911,205695698,-0.7995068844754087,True,2,245.95,True,False,-4.656346073354953,00:15:00,06:25:00
3272,2018-02-09,240.5487,243.1405,233.2806,239.1928,241.7846,250142002,-0.5111574517152933,True,2,239.34,True,True,-3.517180167802258,00:10:00,04:05:00
3273,2018-02-12,243.3434,246.2765,241.5448,245.8799,239.1928,122294493,1.7352529005889796,True,1,244.54,True,False,2.961502185684516,00:10:00,05:50:00
3276,2018-02-15,250.4824,251.8106,247.8998,251.2756,248.61,94699780,0.7531475001005586,True,1,251.73,True,True,1.2873979325047182,06:25:00,06:25:00
3278,2018-02-20,250.9067,252.4193,249.4955,250.2656,252.6591,68750454,-0.6935827761596532,True,2,249.64,True,False,-1.2521219303005522,05:50:00,05:50:00
3280,2018-02-22,250.0489,251.8475,248.7023,249.4217,251.4324,84861560,-0.55024730305243,True,2,248.79,True,True,-1.0858186932153506,06:15:00,06:20:00
3281,2018-02-23,250.6853,253.3693,250.1872,252.982,249.4217,67508333,0.506611894634679,True,1,251.93,True,False,1.5827011041942312,05:15:00,06:25:00
3282,2018-02-26,254.5038,256.4223,253.8859,256.145,252.982,70871682,0.6015447739364908,True,1,255.77,True,False,1.3598991232577842,04:00:00,06:10:00
3285,2018-03-01,250.3348,251.9581,245.3449,247.4571,251.9628,155394997,-0.6461271267028251,True,2,249.07,True,False,-2.6265385207657608,00:25:00,04:40:00
3291,2018-03-09,254.2917,257.1971,253.9596,256.6621,252.4654,89823140,0.723386254116407,True,1,255.55,True,False,1.874197414774456,01:15:00,06:25:00
3297,2018-03-19,253.1339,254.1023,248.7538,249.5687,254.4582,93539632,-0.5204391133789337,True,2,251.86,True,False,-2.2417827368109937,01:15:00,05:10:00
3300,2018-03-22,248.0963,248.9853,243.8828,245.457,251.2078,124534949,-1.2386159983885765,True,2,246.84,True,False,-2.9159126428399076,01:25:00,06:15:00
3302,2018-03-26,242.7437,245.7997,240.2249,244.9477,240.3035,116510938,1.0154658587993832,True,1,243.95,True,True,2.287190989727568,04:50:00,06:25:00
3306,2018-04-02,243.1327,243.6698,235.8355,237.3542,244.494,154607881,-0.556782579531604,True,2,241.91,True,False,-3.5413956988719573,00:30:00,04:35:00
3307,2018-04-03,239.7248,241.9844,237.845,241.6093,237.3542,110898447,0.99876050223674,True,1,240.91,True,False,1.9507554532424547,05:30:00,05:40:00
3310,2018-04-06,243.9383,245.5033,238.9192,239.7897,246.3368,144120264,-0.9736669470416165,True,2,242.71,True,False,-3.0111619538777887,01:50:00,05:35:00
3311,2018-04-09,242.0399,245.2533,241.2713,243.429,239.7897,83874550,0.9384056112501822,True,1,243.24,True,False,2.278496532586673,01:00:00,04:25:00
3312,2018-04-10,244.7255,246.3646,243.5309,245.7997,243.429,93664733,0.5325988275842274,True,1,245.94,True,False,1.2059368440079012,02:05:00,05:50:00
3314,2018-04-12,245.6423,247.2536,245.457,247.161,244.3458,61960149,0.5306004850502889,True,1,246.86,True,False,1.1900347785801961,00:30:00,05:55:00
3317,2018-04-17,249.4112,250.8374,248.8741,250.6336,247.7444,52800381,0.6727901821393318,True,1,250.65,True,False,1.248464142882741,05:45:00,06:05:00
3337,2018-05-15,251.5041,251.5226,250.0595,250.3558,252.8932,71739852,-0.549283254749441,True,2,250.24,True,False,-1.1205125325631504,04:25:00,05:55:00
3346,2018-05-29,250.3188,251.1152,247.9574,248.3278,252.0412,95302505,-0.6833803362307406,True,2,249.06,True,False,-1.6202906508935826,02:15:00,05:30:00
3347,2018-05-30,250.4947,252.9117,250.4206,252.319,248.3278,59462005,0.8725966243006213,True,1,251.74,True,False,1.8459069020866774,01:30:00,05:10:00
3365,2018-06-25,254.3543,254.5182,250.3172,250.9312,256.0426,112805189,-0.6593824621371592,True,2,253.07,True,False,-2.236112271942239,00:25:00,05:25:00
3400,2018-08-15,262.6703,262.8192,260.6053,261.8331,264.2052,88744186,-0.5809499585927882,True,2,261.35,True,False,-1.3625394201173902,00:30:00,01:25:00
3401,2018-08-16,263.6191,265.1447,263.5819,264.4533,261.8331,59815747,0.6821139114955296,True,1,264.93,True,False,1.26477515638779,02:35:00,02:40:00
3440,2018-10-11,258.907,260.6076,252.6277,256.4495,262.3083,243262325,-1.2966802804181157,True,2,257.6,True,False,-3.6905427697102877,01:30:00,05:15:00
3448,2018-10-23,253.1791,256.8419,250.9925,256.1225,257.5801,124443348,-1.7085947245148247,True,2,251.89,True,False,-2.557495707160611,00:35:00,00:45:00
3451,2018-10-26,248.479,253.2258,245.087,247.5259,253.6743,176019181,-2.0480198427668768,True,2,247.21,True,False,-3.3851675159840786,00:30:00,01:25:00
3452,2018-10-29,251.1701,252.525,242.8071,245.1151,247.5259,143254852,1.472249974649111,True,1,252.41,True,True,2.0196270370090557,00:30:00,00:30:00
3453,2018-10-30,246.3765,250.5347,245.8626,249.5068,245.1151,137558534,0.5146153786527148,True,1,247.6,True,False,2.2110428937262427,00:10:00,06:25:00
3454,2018-10-31,252.8987,255.3095,252.4035,254.4031,249.5068,106663596,1.359441906994115,True,1,254.15,True,False,2.3256680779842536,00:50:00,05:30:00
3459,2018-11-07,259.3555,262.6633,258.907,262.2428,256.4869,84927430,1.1184196931695205,True,1,260.64,True,False,2.4080762019424777,01:35:00,06:25:00
3465,2018-11-15,251.1514,255.5992,249.4977,254.0294,253.7677,118133619,-1.030982272369571,True,2,249.88,True,True,-1.6826412502457886,01:05:00,01:05:00
3468,2018-11-20,247.9557,249.4881,245.8906,247.3483,251.684,119803633,-1.4813416824271668,True,2,246.7,True,False,-2.3018547066956945,00:35:00,05:35:00
3472,2018-11-28,251.9176,256.5429,250.9178,255.3936,250.1329,111050850,0.7135007030262659,True,1,253.17,True,False,2.5626377017977116,02:30:00,06:25:00
3477,2018-12-06,248.479,252.2633,245.2272,250.3758,253.1791,180726834,-1.8564328572145141,True,2,247.21,True,False,-3.1408200755907556,01:25:00,01:55:00
3478,2018-12-07,251.7868,253.4313,245.4047,246.4233,250.3758,139180479,0.5635528673298303,True,1,253.04,True,True,1.2203655465104835,00:10:00,00:10:00
3481,2018-12-12,249.9273,251.3569,247.965,249.105,248.3481,84402932,0.6358816516011254,True,1,251.17,True,True,1.2115252744031495,03:40:00,05:40:00
3483,2018-12-14,245.7131,246.7129,242.8071,243.5079,247.6286,102865678,-0.7735374669969497,True,2,244.47,True,False,-1.947069118833614,02:20:00,06:15:00
3489,2018-12-26,221.7809,231.2078,219.7038,228.1532,226.8279,190797642,-2.2250349273612273,True,2,220.65,True,True,-3.140751203886294,00:35:00,01:20:00
3491,2018-12-28,234.5725,236.2831,231.6307,232.8996,230.1175,136233713,1.9359674948667458,True,1,235.72,True,False,2.67932686562299,05:15:00,05:20:00
3495,2019-01-04,232.7022,237.8903,232.3074,236.6778,229.798,124917125,1.2638056031819263,True,1,233.85,True,False,3.5214840860233747,00:20:00,03:35:00
3505,2019-01-18,249.0465,250.9262,248.2194,250.071,246.9788,103541522,0.8371973626886202,True,1,250.28,True,False,1.5982748316859534,01:55:00,03:10:00
3510,2019-01-28,247.5521,247.9657,246.0483,247.7025,249.4788,76779557,-0.7722900703386464,True,2,246.3,True,False,-1.3750667391377525,02:15:00,02:30:00
3512,2019-01-30,249.1593,252.3736,248.3604,251.2928,247.7119,82063178,0.5843078188815263,True,1,250.4,True,False,1.8819039375984747,04:30:00,05:25:00
3518,2019-02-07,254.6481,255.2214,252.1575,253.2684,256.3211,86004887,-0.6526969492562266,True,2,253.37,True,False,-1.6243688092786752,01:40:00,02:30:00
3521,2019-02-12,256.0391,258.0129,255.9639,257.8766,254.3756,62039889,0.6539542314593174,True,1,257.31,True,False,1.4298934331751987,01:30:00,04:30:00
3539,2019-03-11,258.7084,261.8663,258.6802,261.575,257.0072,53942508,0.6619269810339833,True,1,259.99,True,False,1.8906474215508406,00:45:00,06:05:00
3548,2019-03-22,267.3622,267.9129,263.5484,264.5491,268.7121,107983250,-0.5023592164253294,True,2,266.02,True,False,-1.921647741207041,00:25:00,06:25:00
3554,2019-04-01,268.7593,270.1376,268.4761,269.7222,266.3144,61780380,0.9180502443728235,True,1,270.09,True,False,1.4355964228746334,06:25:00,06:25:00
3576,2019-05-02,275.3485,276.3114,273.3095,274.7775,276.7457,59181767,-0.5048678263113024,True,2,273.96,True,False,-1.2416453083101147,02:10:00,02:25:00
3577,2019-05-03,276.4247,277.8596,276.1793,277.4489,274.7775,45381002,0.5994668413534581,True,1,277.8,True,False,1.1216711703105333,04:20:00,04:20:00
3579,2019-05-07,273.9042,274.5272,269.8072,270.4585,276.5474,118398019,-0.9557855181426327,True,2,272.52,True,False,-2.437267535330276,00:45:00,06:05:00
3581,2019-05-09,269.2597,271.2421,267.4377,270.7418,272.9781,90529934,-1.3621605542715605,True,2,267.89,True,False,-2.0296133645885797,00:50:00,01:55:00
3583,2019-05-13,266.607,267.6171,264.2564,264.9739,272.3758,106277776,-2.117956147352297,True,2,265.25,True,False,-2.9809549893933456,01:45:00,03:50:00
3591,2019-05-23,267.3056,267.3528,264.8606,266.2751,269.9488,82591351,-0.979148638556637,True,2,265.96,True,False,-1.8848759468462275,00:20:00,05:30:00
3594,2019-05-29,263.2935,263.7183,261.2167,262.1796,265.4553,91207803,-0.8143743974974422,True,2,261.97,True,False,-1.5967283380667174,02:05:00,02:20:00
3598,2019-06-04,261.6038,264.9644,261.1317,264.1762,257.9788,66732992,1.405154221974829,True,1,262.89,True,False,2.707819402214459,01:30:00,06:25:00
3608,2019-06-18,275.0748,277.1327,274.6972,275.981,273.3991,75313731,0.612913502641379,True,1,276.44,True,False,1.3656226373825022,00:10:00,01:30:00
3639,2019-08-02,278.7462,279.0023,275.9478,277.8729,280.1596,95629766,-0.5044981503400291,True,2,277.35,True,False,-1.5033573720122526,00:35:00,01:30:00
3640,2019-08-05,273.2823,273.3961,267.2397,268.5867,277.8729,149170305,-1.652050271904887,True,2,271.89,True,False,-3.826641604848831,00:30:00,05:35:00
3641,2019-08-06,271.2143,273.2348,269.6681,272.1914,268.5867,98191969,0.9783060739790811,True,1,272.56,True,False,1.730577128353712,04:45:00,06:20:00
3642,2019-08-07,269.7819,273.9747,267.5432,273.6617,272.1914,110389529,-0.8852226778656417,True,2,268.42,True,True,-1.707695393756002,00:15:00,00:15:00
3645,2019-08-12,275.0561,276.6168,272.2673,273.1465,277.4751,55471166,-0.8717899371871504,True,2,273.67,True,False,-1.8768530942055774,04:10:00,05:25:00
3647,2019-08-14,273.2633,277.4318,269.1748,269.4191,277.4514,114406673,-1.5094895898885223,True,2,271.88,True,False,-2.983081000852753,01:25:00,05:50:00
3649,2019-08-16,271.755,274.4585,270.0796,273.6759,269.9716,66766930,0.6605880025898916,True,1,273.1,True,False,1.6619896315019769,00:50:00,06:25:00
3654,2019-08-23,275.9668,277.7122,268.8997,270.389,277.6174,117810288,-0.5945592747428646,True,2,274.58,True,True,-3.140185017221536,01:30:00,06:25:00
3658,2019-08-29,276.7257,278.0917,275.6727,277.4103,273.6427,49472271,1.1266516519534513,True,1,278.09,True,False,1.6258427504187074,04:40:00,04:40:00
3662,2019-09-05,281.5351,283.4702,281.3928,282.958,278.6845,72819388,1.0228771244902337,True,1,282.93,True,False,1.71724656376654,00:40:00,00:45:00
3666,2019-09-11,283.1287,284.9026,282.4457,284.3334,281.6204,55661424,0.5355790986732363,True,1,284.54,True,False,1.16546954695043,06:10:00,06:25:00
3679,2019-09-30,282.0538,283.5595,282.0061,283.0163,280.599,42173018,0.5184622896018997,True,1,283.46,True,False,1.0550643444916143,02:55:00,04:15:00
3681,2019-10-02,277.7939,277.8035,273.1625,274.6968,279.9953,109650050,-0.786227483104173,True,2,276.39,True,False,-2.440326676912064,00:05:00,03:25:00
3683,2019-10-04,277.4509,280.7768,277.3937,280.062,275.7927,50700124,0.6012486914990735,True,1,278.83,True,False,1.8071906906890411,00:30:00,06:25:00
3685,2019-10-08,277.3556,278.1275,274.9255,276.9077,280.0239,82885280,-0.9528829503481826,True,2,275.96,True,False,-1.8207017329592317,00:30:00,06:25:00
3688,2019-10-11,282.3397,284.6935,282.2203,284.1694,279.4998,83204669,1.016065127774689,True,1,283.74,True,False,1.8582124209033346,00:15:00,02:00:00
3763,2020-02-03,309.6614,312.3524,309.5369,311.0596,307.7173,59060165,0.6317811835733615,True,1,311.2,True,False,1.5062851519885185,00:15:00,00:55:00
3764,2020-02-04,314.1816,316.0395,313.8464,315.7569,311.0596,52512833,1.0036661784429781,True,1,315.74,True,False,1.6009472139744239,02:00:00,05:15:00
3777,2020-02-24,309.4603,319.4414,307.6407,310.0062,319.0369,134914814,-3.0017217444126323,True,2,307.87,True,True,-3.5720632942459076,03:45:00,03:45:00
3780,2020-02-27,292.5287,298.3741,284.9249,289.3014,298.8781,249706794,-2.124411256629376,True,2,291.03,True,False,-4.668525395470607,00:15:00,06:25:00
3781,2020-02-28,276.4783,285.2811,273.452,277.3689,289.3014,332038241,-4.432436206668896,True,2,275.03,True,False,-5.478507881399814,00:25:00,00:30:00
3782,2020-03-02,285.5857,296.0721,281.9944,290.556,277.3689,205636837,2.9624085468846646,True,1,286.97,True,False,6.743077540416385,01:20:00,06:25:00
3783,2020-03-03,296.3977,300.554,284.9728,290.4027,290.556,271529926,2.010524649293081,True,1,297.85,True,True,3.4409890003992314,00:30:00,00:30:00
3784,2020-03-04,293.1608,299.8453,290.4889,298.1981,290.4027,147338447,0.9497501228466585,True,1,294.61,True,False,3.2515537906500276,03:25:00,06:25:00
3785,2020-03-05,292.0691,295.4113,287.3095,288.1383,298.1981,159971245,-2.055345087711833,True,2,290.58,True,False,-3.651465250784628,03:10:00,05:55:00
3786,2020-03-06,280.7399,286.1315,277.9435,280.9889,288.1383,198657535,-2.567655879138607,True,2,279.3,True,False,-3.5381620562070517,00:20:00,05:35:00
3787,2020-03-09,263.6455,272.1592,261.8738,265.3693,280.9889,277300725,-6.172272285488848,True,2,262.24,True,False,-6.8027954129148815,00:20:00,05:10:00
3788,2020-03-10,272.5901,276.3059,261.9217,271.9102,265.3693,246644123,2.7210381909286405,True,1,273.92,True,True,4.121275520566998,05:45:00,06:25:00
3789,2020-03-11,268.8169,270.0044,259.4126,261.146,271.9102,231055382,-1.1376182283709841,True,2,267.46,True,False,-4.596223311961073,00:10:00,05:50:00
3790,2020-03-12,245.1626,255.3713,237.1948,240.537,261.146,346670590,-6.120484326775067,True,2,243.86,True,False,-9.171574521532026,00:20:00,06:25:00
3791,2020-03-13,251.9524,259.6042,239.0144,247.844,240.537,285392181,4.745797943767489,True,1,253.16,True,True,7.926930160432692,06:20:00,06:25:00
3792,2020-03-16,230.97,246.0245,227.3117,234.5612,247.844,261784489,-6.808314907764561,True,2,229.73,True,False,-8.284364358225332,00:15:00,00:15:00
3794,2020-03-18,226.2487,237.8556,218.3671,222.916,238.1812,298252778,-5.009841246916204,True,2,225.06,True,False,-8.318918537651165,03:40:00,04:55:00
3795,2020-03-19,229.1217,236.9075,222.3893,233.7951,222.916,261233795,2.783873746164478,True,1,230.24,True,True,6.276579518742486,00:35:00,05:10:00
3797,2020-03-23,219.8149,221.2534,210.2493,211.7039,225.8162,280560712,-2.6576038388742766,True,2,218.69,True,False,-6.8936152499244985,00:00:00,02:15:00
3798,2020-03-24,225.8162,235.141,225.219,232.7423,211.7039,211595249,6.666055750508141,True,1,226.87,True,False,11.070698272445613,00:00:00,06:25:00
3799,2020-03-25,235.8827,246.9414,230.9506,245.2652,232.7423,277138668,1.3493035000513443,True,1,237.05,True,True,6.100781851859326,00:00:00,04:15:00
3801,2020-03-27,243.9744,251.2377,241.8359,250.1525,249.5134,191462093,-2.2199208539501236,True,2,242.73,True,True,-3.076989051489812,00:10:00,00:15:00
3802,2020-03-30,246.3152,252.7982,244.2249,250.9198,250.1525,139095982,-1.5339842695955463,True,2,245.06,True,True,-2.369594547326136,00:10:00,00:10:00
3804,2020-04-01,238.8786,248.2024,234.9483,236.1235,247.712,170515975,-3.5659959953494313,True,2,237.64,True,True,-5.152636933212763,03:05:00,06:10:00
3807,2020-04-06,248.3767,257.2005,247.3026,253.1354,238.6088,158180083,4.093688078562064,True,1,249.57,True,False,7.79170759837859,00:20:00,06:25:00
3809,2020-04-08,258.1252,265.8702,255.8133,264.3192,256.3817,136878928,0.680040736136777,True,1,259.41,True,True,3.7009271722591692,01:40:00,06:20:00
3810,2020-04-09,267.3922,270.8793,265.3596,268.2591,264.3192,162670069,1.1626094509971197,True,1,268.71,True,False,2.481885538394478,00:10:00,04:00:00
3812,2020-04-14,270.6674,274.4435,269.6366,273.1719,264.8683,121013344,2.1894277269118314,True,1,271.99,True,False,3.6150796452425586,00:15:00,06:20:00
3813,2020-04-15,267.3825,273.5194,265.35,267.7823,273.1719,108679822,-2.1193248646731235,True,2,266.02,True,True,-2.863361861157744,00:45:00,01:05:00
3815,2020-04-17,274.9059,276.7554,272.0353,274.3857,268.7437,127775010,2.2929653792814433,True,1,276.25,True,False,2.981167558532542,06:20:00,06:20:00
3817,2020-04-21,266.5734,267.8353,262.0362,264.3096,271.91,114645831,-1.962634695303605,True,2,265.21,True,False,-3.6312750542458962,01:15:00,03:15:00
3818,2020-04-22,268.1339,270.6866,266.7468,269.8967,264.3096,81404148,1.4469016638063823,True,1,269.46,True,False,2.412700862927419,05:00:00,06:20:00
3821,2020-04-27,274.6554,277.6898,274.1738,277.0637,272.4207,67454166,0.8203121128460411,True,1,276.02,True,False,1.9341775423086351,01:55:00,06:20:00
3823,2020-04-29,280.8302,284.0572,279.7513,283.9549,276.9962,102013837,1.384134511592579,True,1,282.22,True,False,2.5491324429721547,02:20:00,06:10:00
3824,2020-04-30,281.0036,282.5582,277.9981,279.9536,283.9549,101677550,-1.0393551933775411,True,2,279.58,True,False,-2.097797924952162,00:05:00,03:00:00
3825,2020-05-01,274.8385,279.9894,271.1876,272.4108,279.9536,111321036,-1.8271242091546542,True,2,273.44,True,True,-3.1312331757834224,02:00:00,04:15:00
3826,2020-05-04,270.4362,273.4802,268.8853,272.8637,272.4108,70199660,-0.7248611288539256,True,2,269.07,True,True,-1.2941851057300306,00:05:00,00:10:00
3827,2020-05-05,276.1196,278.6338,275.2623,276.5579,272.8637,72232658,1.1932331050264278,True,1,277.48,True,False,2.1146455171574723,00:25:00,05:25:00
3829,2020-05-07,277.1889,279.1444,276.5917,277.0926,275.0793,68883538,0.7669061248883505,True,1,278.56,True,False,1.4777920403316533,02:10:00,02:30:00
3830,2020-05-08,280.4063,282.198,279.2215,281.1577,277.0926,61414425,1.1958818099075843,True,1,281.79,True,False,1.8424887564662407,06:10:00,06:20:00
3833,2020-05-13,275.5609,276.6495,268.7263,269.521,279.0673,125466121,-1.2564711092987195,True,2,274.17,True,False,-3.7055577633065604,00:00:00,05:55:00
3836,2020-05-18,282.2944,285.8586,281.9572,285.271,275.0215,100556561,2.644484158511241,True,1,283.67,True,False,3.940455564383156,01:20:00,06:20:00
3837,2020-05-19,283.5467,285.3336,281.2347,283.5757,285.271,78858186,-0.6044427929933389,True,2,282.12,True,True,-1.4149002176877563,06:20:00,06:25:00
3843,2020-05-28,293.4686,295.5782,291.1471,293.3819,290.8485,80456712,0.9008470045401573,True,1,294.92,True,False,1.6261730763610538,03:10:00,04:25:00
3844,2020-05-29,291.359,293.7672,288.4787,292.8712,293.3819,101356845,-0.6895108389440497,True,2,289.89,True,True,-1.671268745617903,01:15:00,03:20:00
3847,2020-06-03,298.8535,301.7241,298.5645,301.0026,295.1303,79223813,1.2615444771343438,True,1,300.33,True,False,2.234199606072316,01:40:00,06:20:00
3849,2020-06-05,305.5869,309.4835,305.5195,308.1926,298.8342,122191709,2.2596811208355683,True,1,307.08,True,False,3.5636148740672864,01:20:00,02:00:00
3853,2020-06-11,300.0287,300.6934,288.9989,289.943,309.5268,182628939,-3.0685872758029245,True,2,298.48,True,False,-6.632026693649788,01:15:00,06:00:00
3862,2020-06-24,299.7816,300.4298,292.2928,294.9052,302.5391,114533687,-0.9114524370568938,True,2,298.27,True,False,-3.3867688507039317,00:20:00,02:15:00
3867,2020-07-01,299.5203,301.765,299.0366,301.407,297.7788,61458161,0.5848300819265947,True,1,301.01,True,False,1.3386446583840075,01:00:00,06:15:00
3874,2020-07-13,309.7375,312.2338,303.9323,306.6124,306.9219,87971506,0.9173669262441089,True,1,311.27,True,True,1.7307008721111072,01:30:00,04:05:00
3887,2020-07-30,311.4501,313.8786,309.2634,313.598,314.5656,52799598,-0.9904134463526836,True,2,309.88,True,False,-1.6855625662818907,00:25:00,00:30:00
3911,2020-09-02,343.1562,347.1038,341.9565,345.9702,340.1569,62233370,0.8817401616724533,True,1,344.86,True,False,2.04226343784294,03:50:00,06:20:00
3914,2020-09-08,325.7793,331.5168,322.0736,324.4731,333.5002,98242534,-2.3151110554056724,True,2,324.11,True,False,-3.4262648118351975,00:10:00,05:35:00
3915,2020-09-09,326.592,331.3426,325.6825,331.1298,324.4731,78403885,0.6530279397583333,True,1,328.21,True,False,2.1171246553258243,00:45:00,06:00:00
3918,2020-09-14,326.534,329.3301,325.9921,327.5305,324.0571,54371738,0.7643406054056525,True,1,328.15,True,False,1.6271823700205996,00:30:00,00:55:00
3923,2020-09-21,316.3882,317.7384,312.5317,315.7762,322.0194,86057915,-1.7487145184420674,True,2,314.78,True,False,-2.9463131724362004,00:05:00,01:10:00
3924,2020-09-22,319.1761,321.4395,316.5436,320.5749,315.7762,55659544,1.076680256460114,True,1,320.75,True,False,1.7934537181712846,05:55:00,06:15:00
3928,2020-09-28,323.6932,325.3834,322.6537,324.8297,319.6034,55825077,1.2796484643154509,True,1,325.29,True,False,1.8084913990276612,05:10:00,05:15:00
3935,2020-10-07,328.4531,331.8627,328.4239,331.5907,326.52,42510039,0.5920311160112779,True,1,330.09,True,False,1.636255053289243,01:35:00,05:40:00
3937,2020-10-09,335.6803,337.4192,335.0295,336.7683,333.7979,49911819,0.5639340451213029,True,1,337.35,True,False,1.0848780055236902,02:35:00,02:35:00
3938,2020-10-12,339.5951,343.8985,339.0803,343.1699,336.7683,62285365,0.839390168255145,True,1,341.28,True,False,2.1172420325784826,01:35:00,05:00:00
3948,2020-10-26,332.3484,333.1741,326.0245,328.6376,335.2481,82184937,-0.8649415164470717,True,2,330.67,True,False,-2.7512758461569304,01:15:00,04:05:00
3950,2020-10-28,322.6052,328.5777,316.8059,320.0892,329.2253,110442574,-2.010811441283516,True,2,320.96,True,False,-3.772310329734682,00:30:00,06:25:00
3951,2020-10-29,317.5636,323.8631,315.7956,322.508,320.0892,77038134,-0.7890300578713675,True,2,315.96,True,True,-1.3413760914145263,00:10:00,00:10:00
3952,2020-10-30,318.8944,320.2641,313.3768,314.5522,322.508,96385666,-1.1204683294677846,True,2,317.28,True,False,-2.831309610924374,00:45:00,05:15:00
3953,2020-11-02,320.7595,322.8577,317.8841,320.8761,314.5522,72521306,1.9733767559088682,True,1,322.33,True,False,2.6404202545714175,00:45:00,00:45:00
3954,2020-11-03,324.1497,328.5793,323.6446,327.1028,320.8761,78737408,1.020206864892707,True,1,325.75,True,False,2.4006773954183505,00:20:00,01:30:00
3955,2020-11-04,331.1147,337.9923,329.881,334.1649,327.1028,111145385,1.2264951568742382,True,1,332.75,True,False,3.329075752332294,00:30:00,02:50:00
3956,2020-11-05,339.2551,342.1208,338.886,340.926,334.1649,72493942,1.5232599234689337,True,1,340.93,True,False,2.380830542046752,00:40:00,00:50:00
3959,2020-11-10,343.3836,345.0253,340.4888,344.559,348.453,71402755,-1.4548303501476452,True,2,341.64,True,False,-2.2855880133045057,01:05:00,01:10:00
3962,2020-11-13,345.1127,348.639,344.5687,347.6141,341.6739,49821692,1.006456741354846,True,1,346.82,True,False,2.0385226966414485,03:55:00,06:10:00
3969,2020-11-24,349.9115,353.4086,349.0178,352.8646,347.3858,55216953,0.7270590795593752,True,1,351.65,True,False,1.733749623617304,01:45:00,04:10:00
3972,2020-12-01,355.1183,357.1679,354.4966,355.6234,351.116,62855741,1.139879697877622,True,1,356.87,True,False,1.7236184053133408,00:50:00,04:45:00
3986,2020-12-21,356.0467,369.2069,353.1786,358.5422,358.3441,73830608,-0.6411156204329969,True,2,354.25,True,True,-1.441491571927655,00:35:00,00:50:00
4002,2021-01-15,367.5094,368.3484,364.5632,367.0899,369.9434,76841810,-0.6579384846438587,True,2,365.66,True,False,-1.454330581380828,00:35:00,00:50:00
4004,2021-01-20,371.7921,375.3821,371.3823,374.9759,369.5971,36018167,0.5938899412360089,True,1,373.64,True,False,1.5652179089067442,01:10:00,06:15:00
4009,2021-01-27,370.9238,371.0214,362.9146,364.095,375.3626,83027794,-1.1825365659764606,True,2,369.05,True,False,-3.316260064268518,00:00:00,06:05:00
4010,2021-01-28,367.1484,372.592,366.6997,370.4458,364.095,56703612,0.8386272813413954,True,1,368.97,True,False,2.333731581043397,00:10:00,04:10:00
4011,2021-01-29,366.4265,367.4606,359.266,363.3409,370.4458,91239666,-1.0849900309303124,True,2,364.57,True,False,-3.0179313680975732,00:05:00,03:45:00
4013,2021-02-02,370.3287,373.8505,370.319,373.4017,367.3143,42856974,0.8206595822705577,True,1,372.17,True,False,1.7794569936427762,00:30:00,02:45:00
4027,2021-02-23,375.2455,379.4355,370.9043,379.2648,378.4161,82156879,-0.8378607569815288,True,2,373.35,True,True,-1.9850635319163203,00:10:00,00:20:00
4031,2021-03-01,376.1625,381.3622,376.1138,380.9026,373.07,75629438,0.8289329080333528,True,1,378.03,True,False,2.2226927922373765,00:30:00,05:20:00
4033,2021-03-03,376.3576,377.3722,371.9872,373.5773,378.2502,92698594,-0.5003566422436831,True,2,374.47,True,False,-1.6557823366649993,00:40:00,06:25:00
4035,2021-03-05,371.1189,375.3528,363.5292,374.0719,366.6704,104105320,1.2132149199935485,True,1,372.95,True,True,2.3679031631678016,05:00:00,06:20:00
4037,2021-03-09,376.4162,380.3769,375.8894,379.4111,374.1919,76321707,0.5944276185561548,True,1,378.29,True,False,1.6528952123228757,00:30:00,04:30:00
4039,2021-03-11,382.6304,385.9766,382.1622,384.3913,380.4257,58501429,0.5795349788408097,True,1,384.53,True,False,1.4591285499376128,01:30:00,03:35:00
4044,2021-03-18,384.8254,387.0204,381.1964,383.1865,387.3911,73821306,-0.6623022573311551,True,2,382.89,True,False,-1.5990816515918955,05:10:00,06:20:00
4049,2021-03-25,377.786,382.2491,375.7405,381.1529,381.1089,83891901,-0.8719030177463722,True,2,375.88,True,True,-1.4086262482980607,01:20:00,01:25:00
4055,2021-04-05,394.8847,398.2908,394.8064,397.2827,391.1263,58532301,0.9609172280156038,True,1,396.84,True,False,1.8317612494991964,00:50:00,03:05:00
4076,2021-05-04,407.2365,407.7455,402.9202,404.9169,409.56,74164973,-0.5673161441547084,True,2,405.19,True,False,-1.6212032425041458,00:20:00,02:25:00
4079,2021-05-07,410.9655,413.8284,410.251,413.4514,408.1369,47845920,0.6930517676789318,True,1,413.01,True,False,1.3945075782170056,00:35:00,02:15:00
4081,2021-05-11,404.3198,406.4437,401.3445,405.5028,410.4762,92104098,-1.499818990723462,True,2,402.27,True,False,-2.224660041191188,01:05:00,01:15:00
4082,2021-05-12,402.4896,403.8207,395.4133,397.0575,405.5028,98640480,-0.7430774830654643,True,2,400.46,True,False,-2.4881455812388933,01:15:00,06:20:00
4088,2021-05-20,403.0475,407.7699,402.9202,407.4518,400.9238,57889105,0.529701654030014,True,1,405.05,True,False,1.7075813408932017,01:15:00,05:55:00
4108,2021-06-18,409.5508,410.2853,407.2137,409.0794,413.6846,61350162,-0.9992636902606498,True,2,407.48,True,False,-1.5642109955265369,06:25:00,06:25:00
4122,2021-07-09,424.7218,427.9721,424.5058,427.707,422.4143,48728790,0.5462646506048559,True,1,426.83,True,False,1.3157225027656463,01:55:00,06:20:00
4128,2021-07-19,418.4963,419.0069,414.3525,415.1184,423.7969,109532170,-1.250740625993247,True,2,416.38,True,False,-2.228520312442109,00:25:00,04:00:00
4129,2021-07-20,417.9955,424.6138,417.1608,424.2456,415.1184,72030266,0.6930793720538488,True,1,420.07,True,False,2.2873955960516366,00:25:00,05:55:00
4132,2021-07-23,429.6316,432.3516,428.9049,431.7329,427.4664,42806666,0.5065193428068194,True,1,431.77,True,False,1.1428266642711562,03:35:00,06:20:00
4172,2021-09-20,428.3975,430.0524,422.4672,424.3389,434.8548,122126252,-1.484932441817368,True,2,426.22,True,False,-2.848675006002008,02:30:00,05:45:00
4178,2021-09-28,433.1358,433.4806,426.4864,428.3679,436.6624,96513153,-0.8076262119202325,True,2,430.95,True,False,-2.3304044497533996,00:20:00,03:30:00
4183,2021-10-05,423.8266,428.9984,422.9893,427.9837,421.2358,66533817,0.6150474389878547,True,1,425.93,True,False,1.8428158290439751,00:35:00,05:15:00
4185,2021-10-07,431.8551,435.0961,431.668,433.0492,427.3631,53750420,1.0510968307745847,True,1,433.99,True,False,1.8094683420257867,00:25:00,00:50:00
4190,2021-10-14,432.5349,436.0615,432.0423,435.5493,428.23,48509019,1.0052775377717522,True,1,434.68,True,False,1.8288069495364652,01:30:00,06:20:00
4218,2021-11-23,460.2554,462.1024,457.5267,460.3835,464.1761,52780614,-0.8446578787662722,True,2,457.93,True,False,-1.4325166677043506,01:30:00,01:30:00
4221,2021-11-30,455.1132,457.1129,448.5131,449.7494,458.7088,98293752,-0.7838524135573571,True,2,452.82,True,False,-2.2226955314569916,01:20:00,06:20:00
4222,2021-12-01,454.7586,457.7434,443.5778,446.8581,449.7494,92085837,1.113775804926037,True,1,457.01,True,True,1.7774342778445127,01:40:00,01:55:00
4225,2021-12-06,449.3406,453.9212,446.799,452.286,444.8682,66471402,1.0053314667130608,True,1,451.56,True,False,2.034984743796027,01:25:00,04:30:00
4226,2021-12-07,457.4873,461.8907,457.4233,460.4721,452.286,64070823,1.1500024320894309,True,1,459.75,True,False,2.1235899408781123,00:20:00,01:30:00
4231,2021-12-14,456.1476,458.7975,453.3893,456.9947,461.0977,59059188,-1.073546886050389,True,2,453.84,True,False,-1.6717498265551929,02:25:00,03:15:00
4234,2021-12-17,456.2376,459.4208,452.8172,456.4452,460.5411,79572926,-0.9344442873828168,True,2,453.93,True,False,-1.6771358734323514,00:40:00,00:45:00
4235,2021-12-20,449.2386,450.1877,445.9764,448.7839,456.4452,69853130,-1.5788532774580564,True,2,446.96,True,False,-2.2935502443666813,01:00:00,02:05:00
4236,2021-12-21,453.3214,457.9083,451.0872,457.1965,448.7839,48991156,1.011065682169072,True,1,455.57,True,False,2.0331388893407225,02:40:00,06:25:00
4249,2022-01-10,457.4041,460.4093,451.3713,457.0977,461.6895,82444396,-0.9281995800207675,True,2,455.1,True,False,-2.234878635966378,00:15:00,01:15:00
4250,2022-01-11,459.8953,464.4723,456.7615,464.3141,457.0977,55080336,0.6120354576275587,True,1,462.18,True,True,1.6133531190377997,02:10:00,06:25:00
4254,2022-01-18,454.4681,454.6955,450.0987,451.6804,458.6497,75018626,-0.9117197721921552,True,2,452.17,True,False,-1.8643858264815147,00:20:00,06:25:00
4257,2022-01-21,440.4603,442.9317,432.9572,433.837,445.3141,125552531,-1.0899722240997936,True,2,438.23,True,False,-2.7748728369481217,00:25:00,06:25:00
4258,2022-01-24,427.0851,435.3396,415.9441,428.6569,433.837,167372246,-1.5563218443793356,True,2,424.92,True,True,-4.124337020586072,00:15:00,02:55:00
4260,2022-01-26,435.6757,438.9577,423.9514,428.4988,430.3969,136664619,1.2264958228091303,True,1,437.83,True,True,1.9890477835690665,00:30:00,04:30:00
4261,2022-01-27,433.2438,436.5357,424.5347,426.6996,428.4988,102060125,1.1073543263131669,True,1,435.39,True,True,1.8755945174175523,00:15:00,00:40:00
4263,2022-01-31,436.1897,445.1263,434.7761,441.9332,431.5633,89610890,1.0720095985919074,True,1,438.35,True,False,3.1427602856869403,00:30:00,06:25:00
4264,2022-02-01,445.5612,448.4379,441.8229,447.4592,441.9332,71969399,0.8209385490838855,True,1,447.77,True,True,1.4718740298307558,06:15:00,06:20:00
4265,2022-02-02,450.2865,452.8765,447.8646,451.9868,447.4592,71264778,0.6318564910499057,True,1,452.52,True,False,1.2106802139725839,05:45:00,06:25:00
4266,2022-02-03,445.7886,447.7855,440.6086,443.248,451.9868,79780720,-1.3713232333333722,True,2,443.53,True,False,-2.517374401199325,05:05:00,06:20:00
4268,2022-02-07,444.3651,445.8281,440.747,444.3058,446.9749,60905031,-0.5838806608603765,True,2,442.13,True,False,-1.3933444584919594,02:10:00,06:25:00
4270,2022-02-09,450.0097,452.6393,449.7972,451.9671,445.1806,61120060,1.084750773057043,True,1,452.24,True,False,1.6754323975483127,05:05:00,06:20:00
4271,2022-02-10,446.1741,452.4712,442.0815,444.2563,451.9671,93477582,-1.2817304622393988,True,2,443.91,True,True,-2.18723884990744,06:00:00,06:20:00
4274,2022-02-15,438.6512,441.172,438.1075,440.2033,434.0545,62585823,1.0590144785965814,True,1,440.82,True,False,1.6397710425764522,01:35:00,06:20:00
4276,2022-02-17,438.1471,438.7204,431.4249,433.0857,442.0692,69865645,-0.8872140379831936,True,2,435.94,True,False,-2.407835696311809,00:20:00,06:20:00
4281,2022-02-25,424.6928,432.8286,422.9629,431.9587,419.152,88345315,1.3219070885979287,True,1,426.79,True,False,3.262921326869491,00:55:00,06:25:00
4284,2022-03-02,427.4608,434.6871,426.6304,433.7875,424.0701,82488134,0.7995612046215899,True,1,429.58,True,False,2.5035955140435417,00:15:00,06:20:00
4286,2022-03-04,426.8083,428.4098,422.9826,425.7308,431.0394,82184215,-0.9816040018615528,True,2,424.65,True,False,-1.8691562766651981,00:15:00,01:40:00
4289,2022-03-09,420.274,424.594,417.9806,424.0404,413.7545,76172659,1.5756928323438157,True,1,422.34,True,False,2.619790237930944,02:25:00,06:00:00
4293,2022-03-15,414.9655,421.9545,413.6309,421.1242,412.0789,69830978,0.7004969194006401,True,1,417.03,True,False,2.3965313438761413,01:00:00,06:20:00
4294,2022-03-16,424.9696,430.6934,419.9379,427.6387,421.1242,98535316,0.9131272911886898,True,1,427.08,True,True,2.272298766017252,00:10:00,06:25:00
4298,2022-03-22,442.1261,446.8066,442.1261,445.1902,439.6074,53128937,0.5729430396303665,True,1,444.32,True,False,1.637643042405569,00:30:00,06:20:00
4309,2022-04-06,443.1475,445.1704,439.7561,442.1261,447.3024,77661654,-0.9288794336896019,True,2,440.91,True,False,-1.6870689716844744,00:40:00,04:45:00
4312,2022-04-11,440.3908,441.2733,435.7103,437.2027,445.2795,59782701,-1.0978946931084794,True,2,438.16,True,False,-2.1490322370555948,01:40:00,06:25:00
4320,2022-04-22,433.2412,433.5684,421.8771,425.5808,435.4822,87703143,-0.5146019745468323,True,2,431.06,True,False,-3.12414606153822,00:10:00,06:25:00
4321,2022-04-25,420.112,425.0999,415.3324,423.7662,425.5808,85924437,-1.2850203768591035,True,2,417.98,True,False,-2.4080973577755396,00:15:00,02:20:00
4324,2022-04-28,418.7535,426.042,414.1028,424.971,414.9008,76583634,0.9285834107815579,True,1,420.83,True,True,2.6852683822253343,03:10:00,05:50:00
4325,2022-04-29,420.0426,422.3035,407.7663,410.404,424.971,96580292,-1.159702662064002,True,2,417.92,True,False,-4.048440952441461,00:55:00,06:25:00
4329,2022-05-05,420.9648,421.4408,406.0111,406.2144,423.5331,131432726,-0.6063988859430267,True,2,418.85,True,False,-4.137102861618134,00:15:00,06:00:00
4331,2022-05-09,401.7075,403.0065,393.1795,396.2932,405.7136,107571538,-0.9874206829645354,True,2,399.68,True,False,-3.089396066584893,00:35:00,06:20:00
4334,2022-05-12,386.1092,392.4854,381.9245,385.5737,391.4739,88134435,-1.370385101024622,True,2,384.15,True,True,-2.439345253923695,00:05:00,05:20:00
4335,2022-05-13,393.3877,399.8035,392.2969,399.1094,385.5737,73417667,2.0265905065620458,True,1,395.32,True,False,3.6905525454666677,00:20:00,02:40:00
4336,2022-05-16,396.6303,400.5869,394.2703,397.5922,399.1094,55182000,-0.6211580083054964,True,2,394.63,True,True,-1.2124745746404304,00:15:00,00:20:00
4337,2022-05-17,403.1255,405.1484,399.211,404.4939,397.5922,57990745,1.3917023523097276,True,1,405.11,True,False,1.9004899995523026,05:35:00,05:35:00
4338,2022-05-18,400.1209,400.4184,387.2793,387.5373,404.4939,77445602,-1.081104066093454,True,2,398.1,True,False,-4.255836738205451,00:25:00,06:20:00
4340,2022-05-20,389.9567,393.705,377.3531,381.637,386.9818,84990541,0.7687441631621929,True,1,391.89,True,True,1.7373426864002293,00:00:00,00:00:00
4341,2022-05-23,389.5402,394.3992,387.1107,392.9613,381.637,57102448,2.0708683906434717,True,1,391.45,True,False,3.344067792169,01:10:00,05:15:00
4342,2022-05-24,389.2725,391.8408,383.7194,389.57,392.9613,65583481,-0.9387183928799133,True,2,387.31,True,False,-2.3518600941110455,00:30:00,01:20:00
4345,2022-05-27,404.5138,411.9015,404.2857,410.9593,401.8028,57607910,0.6747090861487308,True,1,406.52,True,False,2.513347343522745,00:10:00,06:25:00
4349,2022-06-03,408.9067,410.5726,406.0805,407.211,411.8815,50656136,-0.722246568491184,True,2,406.85,True,False,-1.4084147989166895,01:35:00,01:55:00
4353,2022-06-09,405.902,408.2919,398.088,400.8844,408.6786,57976660,-0.6794091983284738,True,2,403.86,True,False,-2.59142514435549,05:10:00,06:25:00
4354,2022-06-10,391.5731,392.4632,386.486,389.5105,400.8844,83616355,-2.3226895334415647,True,2,389.57,True,False,-3.5916588422996845,00:30:00,06:25:00
4355,2022-06-13,376.6689,378.6125,370.1738,371.7604,389.5105,101033900,-3.296855925578379,True,2,374.72,True,False,-4.9643591122703885,00:45:00,06:20:00
4357,2022-06-15,374.1998,380.685,369.0037,378.7761,369.8763,88288567,1.1689043066560272,True,1,376.05,True,True,2.922247248607166,00:30:00,06:05:00
4358,2022-06-16,367.4071,367.8335,361.0309,363.8274,378.7761,89501469,-3.001509334934272,True,2,365.51,True,False,-4.684878480981248,00:05:00,05:20:00
4360,2022-06-21,370.3586,374.9846,370.2889,374.3223,366.1459,52554416,1.150552279842555,True,1,372.19,True,False,2.4139830597584235,00:10:00,05:40:00
4363,2022-06-24,379.8397,388.4941,379.8048,386.4826,375.7067,62538599,1.1000602331552727,True,1,381.72,True,False,3.4035592125453156,00:10:00,06:25:00
4367,2022-06-30,374.7008,379.1009,371.0358,375.7564,379.5832,75010928,-1.2862529216256045,True,2,372.8,True,False,-2.251785642778706,00:05:00,00:30:00
4369,2022-07-05,374.3124,380.4173,371.3744,379.4911,378.842,59936557,-1.1956435664472154,True,2,372.42,True,True,-1.9711647599790953,00:05:00,00:30:00
4373,2022-07-11,384.2715,385.2873,381.9311,382.8274,387.8567,41577498,-0.9243620130836946,True,2,382.33,True,False,-1.527780749952231,00:15:00,06:20:00
4376,2022-07-14,372.1313,377.0213,369.5221,376.9118,378.301,56821390,-1.6308970898834467,True,2,370.24,True,False,-2.3206124223832254,00:10:00,00:40:00
4377,2022-07-15,380.985,383.6739,378.9832,382.2448,376.9118,45172586,1.0806772300575322,True,1,382.87,True,False,1.794080206562908,01:35:00,06:25:00
4379,2022-07-19,384.5005,391.2627,383.8134,390.4063,380.9252,53190908,0.9385832179125901,True,1,386.41,True,False,2.7137873787294664,00:55:00,06:15:00
4385,2022-07-27,392.7467,401.2318,392.4379,400.6553,388.9844,56811627,0.967211024400974,True,1,394.69,True,False,3.1485581426915905,01:30:00,06:00:00
4393,2022-08-08,413.5512,415.9115,410.1452,411.0216,410.7527,37839947,0.6813101898052015,True,1,415.6,True,True,1.2559381837295251,00:20:00,00:25:00
4397,2022-08-12,420.3035,425.4623,419.3075,424.6655,418.1722,40394029,0.509670418071792,True,1,422.39,True,False,1.743324879080927,02:40:00,06:25:00
4402,2022-08-19,423.2414,423.5202,419.4968,420.5524,426.5876,45147599,-0.7844109861608753,True,2,421.11,True,False,-1.662214279083593,00:25:00,05:35:00
4403,2022-08-22,415.3438,415.5231,410.7129,411.5295,420.5524,48071886,-1.2385139164584462,True,2,413.24,True,False,-2.3396608841133677,00:50:00,06:10:00
4411,2022-09-01,391.2827,395.1568,388.4443,392.5027,395.0771,58379914,-0.9604201306529779,True,2,389.31,True,True,-1.6788621765219942,00:40:00,01:30:00
4416,2022-09-09,401.0824,405.8429,400.8135,405.4943,397.7063,51802164,0.8488927633281163,True,1,403.07,True,False,2.045881596544985,00:30:00,06:10:00
4418,2022-09-13,400.1761,401.4509,390.3166,392.5574,408.4422,73022997,-2.023811447494895,True,2,398.13,True,False,-4.437739293344326,00:30:00,06:15:00
4421,2022-09-16,384.14,386.25,382.11,384.38,387.5779,62729712,-0.8870216800287151,True,2,382.2,True,False,-1.4107873539745135,00:25:00,02:55:00
4423,2022-09-20,385.05,386.12,381.195,383.57,388.185,55009298,-0.8076046215077839,True,2,383.11,True,False,-1.8006878163762148,00:40:00,04:25:00
4424,2022-09-21,386.11,389.31,377.39,381.03,383.57,78121873,0.6621998592173581,True,1,388.03,True,True,1.4964673983888233,05:10:00,05:15:00
4425,2022-09-22,376.58,377.66,373.44,376.15,381.03,59215647,-1.1678870430149828,True,2,374.67,True,False,-1.9919691362884748,00:25:00,01:50:00
4426,2022-09-23,370.58,370.62,363.29,366.735,376.15,80999956,-1.4807922371394373,True,2,368.7,True,False,-3.4188488634853003,00:10:00,05:25:00
4428,2022-09-27,368.02,370.4,360.87,362.67,365.12,75546025,0.7942594215600288,True,1,369.85,True,True,1.4460999123575735,00:05:00,00:10:00
4430,2022-09-29,366.81,367.11,359.7,361.69,371.41,81062847,-1.2385234646347762,True,2,364.95,True,False,-3.1528499501898266,00:10:00,04:50:00
4433,2022-10-04,372.4,378.0,372.31,376.16,368.23,70321684,1.132444396165429,True,1,374.24,True,False,2.6532330337017576,00:05:00,06:25:00
4434,2022-10-05,373.39,379.46,370.95,378.72,376.16,63674727,-0.7363887707358673,True,2,371.51,True,True,-1.3850489153551775,00:55:00,01:00:00
4435,2022-10-06,375.62,378.72,372.68,374.33,378.72,59646353,-0.8185466835657009,True,2,373.73,True,True,-1.5948457963667142,00:55:00,05:40:00
4436,2022-10-07,368.97,369.37,360.94,361.2,374.33,70660983,-1.4318916464082379,True,2,367.1,True,False,-3.5770576763817985,00:10:00,06:00:00
4438,2022-10-11,358.26,363.03,355.71,356.98,360.6801,69595617,-0.6709824024114419,True,2,356.46,True,True,-1.3779800992624773,00:30:00,05:45:00
4442,2022-10-17,364.0,367.9799,363.97,366.8699,358.65,64225690,1.4917050048794154,True,1,365.79,True,False,2.601394116826993,00:05:00,00:50:00
4455,2022-11-03,371.465,374.2,368.79,373.2,376.4,56067635,-1.3111052072263556,True,2,369.58,True,False,-2.021785334750254,00:20:00,00:30:00
4456,2022-11-04,377.0,378.87,370.0,374.3,373.2,67256157,1.0182207931404104,True,1,378.87,True,True,1.519292604501612,01:10:00,01:10:00
4457,2022-11-07,377.71,380.57,375.53,380.29,374.3,45863285,0.9110339300026631,True,1,379.58,True,False,1.6751269035532945,04:55:00,06:00:00
4459,2022-11-09,379.85,381.14,373.61,374.9,383.28,53979244,-0.8949071175119887,True,2,377.93,True,False,-2.5229597161344084,01:25:00,06:15:00
4460,2022-11-10,388.03,395.04,385.642,393.65,374.9,88436690,3.502267271272338,True,1,389.9,True,False,5.372099226460401,00:30:00,06:25:00
4468,2022-11-22,396.63,400.07,395.1527,399.43,394.57,39599574,0.5220873355805059,True,1,398.6,True,False,1.3939224979091163,04:20:00,06:25:00
4470,2022-11-28,399.09,400.81,395.11,395.2,402.27,43255821,-0.7905138339920966,True,2,397.08,True,False,-1.7798990727620674,04:20:00,05:55:00
4475,2022-12-05,403.95,404.93,398.17,398.68,406.86,50135684,-0.7152337413360923,True,2,401.92,True,False,-2.1358698323747722,00:30:00,05:15:00
4478,2022-12-08,395.14,397.36,393.45,396.44,392.9201,40461641,0.5649749147472973,True,1,397.1,True,False,1.1299752799615044,00:55:00,01:05:00
4483,2022-12-15,394.31,395.25,387.885,390.58,397.95,75787439,-0.9146877748460828,True,2,392.32,True,False,-2.529212212589521,00:25:00,03:35:00
4484,2022-12-16,385.19,386.575,381.04,384.795,390.58,67817503,-1.3799989758820181,True,2,383.24,True,False,-2.4425213784627897,00:40:00,03:25:00
4487,2022-12-21,383.25,387.41,382.69,385.7492,381.1595,45393869,0.5484580602083957,True,1,385.16,True,False,1.639864676073939,00:55:00,04:40:00
4488,2022-12-22,383.05,383.38,374.77,380.39,385.7492,66583537,-0.6997292541371343,True,2,381.12,True,False,-2.8462016253047295,00:10:00,04:00:00
4492,2022-12-29,379.63,384.35,379.08,383.515,377.25,43341132,0.6308813783962878,True,1,381.52,True,False,1.8820410868124646,00:10:00,04:35:00
4493,2022-12-30,380.64,382.58,378.43,380.47,383.515,51072006,-0.7496447335827804,True,2,378.72,True,False,-1.3258933809629296,03:55:00,03:55:00
4494,2023-01-03,384.37,386.43,377.831,380.555,380.47,49036005,1.0250479669881927,True,1,386.27,True,True,1.5664835598076008,00:10:00,00:10:00
4495,2023-01-04,383.18,385.88,380.0,382.68,380.555,59509413,0.6897820288788743,True,1,385.08,True,True,1.3992721157257133,02:05:00,02:25:00
4497,2023-01-06,382.61,389.25,379.45,388.6825,379.355,67790804,0.8580353494747651,True,1,384.51,True,False,2.608374741337265,01:05:00,05:45:00
4500,2023-01-11,392.23,395.6,391.38,394.415,389.58,44614840,0.6802197238051323,True,1,394.18,True,False,1.5452538631346677,03:40:00,06:25:00
4505,2023-01-19,389.35,391.08,387.26,389.885,392.79,59736151,-0.875786043432877,True,2,387.39,True,False,-1.4078769826115811,02:10:00,02:15:00
